00jWHicjo7ON46M1,1
03G4JSrRcujJ9wPS,1
04mgyjiCigmAoluZ,1
05ad80z5CZRObBBA,1
062NmdraXnW8nAe5,1
06DskJagnykx6YHd,1
07IsNnXYD3DDvg8N,1
07jbI9wgSoqCGw7I,1
08hDYtGFqLSSv0wb,0
09nkQSjAK85fWap7,1
09p0xJrSPskAlyKk,1
0AaY7LpIpk6qx84i,1
0AEDoK2ET1WjgJ54,1
0AUciMQ3fA4MIRW8,1
0ay9ThMrjTjDEBU0,1
0biUYINavPjnFX2F,1
0bsmUgf2CK2vNf0T,1
0cAtMkozwSE0uKFj,1
0CXowtCaVKKdjx3P,1
0d92o8s8oaqA2t3t,1
0DgXFb5XZKxHW1nT,1
0dRvjv0QqpHoiuEY,1
0E7dzwc9kyDJ1YsS,1
0F09euOGF6AhSSlg,1
0f2aXtqrne0RkkfZ,1
0f8EWK6ACg50u1fR,1
0feJ9iYGRXUeF8uW,1
0Fi4mi7eXQYI9jXc,0
0FkRBy4EsiExALre,1
0FVQy1ZtDc93HEkd,1
0g7NDRYBmJAVFNcW,1
0gZGKTTEuAheRIXx,1
0IF7so1OCFUMsP9M,1
0ifuzCbLWJyFw6e4,1
0IMOQk9cXOeTer8Z,1
0ivUqEY4hUOgtyoc,1
0jBCL2Mmapb5sHBN,1
0JIKXEfOn8z4N3ND,1
0JKH6UxYsVxEzjao,1
0k5am83Cuzj97JIX,1
0k6Ux6bemiKlRN3u,0
0KfN090imDL0WIz7,1
0kjcdMd6Fy8TaPoq,1
0kqg8SFfZoxpJhoO,1
0L6YKezHWK7JyExY,1
0Lka34sVJqhgchhA,1
0lqHFK7dOjL1mZ8o,1
0M0s062O1HbhYBfL,1
0mRjWE3bcON1Bqlc,1
0N4NpPlnNCcvhcFX,1
0Na3lsNQccAlyy32,1
0NrOkJWdBXVIg3XS,1
0nV7GNFZzdepTqE5,1
0NZpKCd5leTzvNi2,1
0ppeKeFBWqSLOtMo,1
0pq8t7BnIbtQ7jIt,0
0pts9l1dRP2coaBF,0
0qEPZMOHPY4UZaYL,1
0qIUGaBVeayiZSjC,1
0razGp3HSMVY2nP4,1
0rNEK8WsqM2fcTH5,1
0rwxrtwEAPyyMU4Q,1
0ry0IsQYtJQmrfqt,1
0RZQ1FmM55nY5Cdu,1
0s2DYLd4fxvhn2Ra,1
0sFCulyr9Xy7UGyS,1
0SiKQqKdJNHoqsQO,1
0tBwDqIjXsNzGwlN,0
0th6wcwWVVadPIlt,1
0tHoLhuakmrlv7s8,1
0U22dCji1CEyvruX,0
0UDWPqeH71mcMAiB,1
0UJLeiZYWjCj5Ale,1
0uQBJ9HfpgqqgEeU,1
0UUOxjrYlX9UHTcU,1
0vH2JJanIghrUc7x,1
0vsMDHkYcYKrJobA,1
0WjEe4BGnesIxPWJ,1
0WJyHCXshmdljBcA,1
0wUvKB90dI8OxwC8,1
0x2fZ4uYxFbKyiYq,1
0xAc3fvfTc14XNPG,1
0xJEH6fvfpuAJZMs,1
0XnDfX4ZnNn40QDX,1
0xvqI96fXUVbLSyw,1
0XW9vd8LebSbKUqf,1
0YAiaDOkzbqvfcc8,1
0yDwExZb8sO3WFEG,1
0YWqY2SQyzP87ctH,1
0ZAa3ysXhowcZAvR,1
0zDaPYKCJyfh6Qnt,1
0ZtDzL834etPuyj9,1
14IshVTarZJrlpMG,1
16vNndZTSve9weYU,0
16wH0HxQAzY6FYRQ,1
18IKP7ILIbu4BqPh,0
18z89eGIapqsheRH,1
19h9T7yDgQlkUKzM,1
1A6HkFm92QLtXzEF,1
1AaWBgdaVKG99Pbk,1
1AXD1WMsS33KsjVh,1
1AYR9jAdKEG5wTAO,1
1az7HwCralfdrzuA,1
1b2GKiOlE3UXdKwT,1
1BcMkcsn76OleL6i,1
1bfYPyF85cEy76S0,0
1Blv376KMtAfcrUL,1
1C2Qd9owGASd2lJa,1
1cGHg4SdjzywNZET,1
1Ci7qNwJ5mrJqajY,1
1dAfrn0l23zjiX9Y,1
1dGkGKf35K05yBMc,1
1DTG9UkuO9GLyFrO,1
1E4H6Xib1xLrvgeJ,1
1E9btva213yaWQA7,1
1eA9BF1aw6yY1zEC,1
1EjMM90W5S6Vb6Wm,1
1EMLyRLhkpi6mxSN,1
1eq9Mc7AJRNx7WNG,1
1ESyBteiXVhBVdee,0
1fdl7G8BDf18zNBD,1
1FSMnoMGf3cuprAT,1
1G4x2zkSoiNKqr2O,1
1giRFoEdHPsJWE5E,1
1H61w499EBdoX1gW,1
1HieivywYqmQEn3h,1
1hqUiAwbFqmuKfxk,1
1HYYldY3ud7XOQ3l,1
1I3mQiATsfgyxuDg,1
1IQ8EiwUMbqDUjEr,1
1jlcyK8eOjpgwYTr,1
1jsRgLbyGP0pUTqE,1
1JtLmiYDOtqz9tBU,1
1k1Lh4CFcD6JoLn6,1
1K2MflNWSV4EYC1i,1
1k3OlS8elRKanXPx,1
1kOYPfFJvI3MSAVd,1
1MKOUTMWll0xahNP,1
1mSapq6ueak5K3Mz,1
1mSIzjScsXdh8IRE,1
1nJmGm8qzyxVKtuS,1
1NqiuT1tXjbYJurI,1
1NrsMRnyHdbMrsLk,1
1OjFb42wMMH4i0QV,1
1Ow9QX59k0T6B3cZ,1
1pMfAUIqFaF6vBIO,1
1qhjW0owKkRvuH4a,1
1QTucvRv8FdY2SQn,1
1R8vxVKbuU3hZ1Cd,1
1rrwJCEYAClXLtRR,1
1ruSzPtYifo5PmR5,0
1RvKHCy7hQDB06kj,1
1RyAExzotMC7qGsM,1
1scd4i31iys625p7,1
1si0tCYf2eznaLOD,1
1tkdG6cKvV2K1Mqm,1
1U65JvmbALrrZGmC,1
1uQLpmTMaDgOmphh,1
1v7IJJkQLbqWzp7g,1
1VrXqoB0k0r5jleL,1
1vupRSkTQwIHZkJ9,1
1w6qnJteJMDIbNuP,1
1wg2cHUDmvmhKfM0,1
1woxwYDG7z2FWFMo,1
1YaTcWQPYp4HNSEt,1
1ZRCiWrOHWhEsa51,1
223YHkfq9ds1vAyK,1
229SP4MgQDx1MG4j,1
23rTm86KK0gA4Yek,1
23yJDuQrs2Dkpko3,1
248O373zlOZohvDM,1
24FNfXMZmUQGIQAI,1
24iuJ3hWy7NuXHan,1
24wlaTnxtuDHzQKy,1
25axzkLAdaKbOvDN,1
25SRm7dpUAjRhGwE,1
25TgPmj9b0EjZTKT,1
26dG9CNGmZ1a4yOW,1
26ykEmmEdcCTNeMT,1
2744OcVrMERlGVP2,1
28EghUiTqEfnvPjP,1
28jg2PBHPjRxhxrh,1
28Y3VzEeQ6bTVFIc,1
29dUd6z10RzT7hD3,1
29HSRJSZYGhO6ZLx,1
29w5ycgr60otyVIL,1
2DQQrMe2zTcXpKcd,1
2fuWq6x8a8LIsitZ,1
2izfUoocIIJpuPxj,1
2loGrJTu9GD0zQkM,1
2n3NrJ13Z2GRoV0s,1
2nsUPNB69hfUcfMp,1
2SPT13nEYvEjN4Vt,1
2uC9twL4avvRZSHl,1
2v7VWCplhCJDUwKM,1
2XYFEpuEq1z2tXy1,1
31NBMOLnvGzy4Xik,1
31SoVP7V42xOI7ht,1
31zJcrx52TrfqIwp,0
32lLDb9ZAMombed5,1
32MilrxjecYVmGCG,1
33datRsyuaIzgWR4,1
33IQg0ahLqPRs5p1,1
33kJe66aS73JNq8W,1
35BIAqxV75rdYMQt,1
35OHqoLuZkdEDzHs,1
36RcV5F3o3osvMHi,1
36UoQ6sO1wo8iO9f,1
37JHfRTmOODyYIjZ,1
38TKOodJMp95YZyO,1
3aEI0PbpZhFx3y2y,1
3aMx4zl4CRRXpZwd,1
3bEQX8mhiQIuGyw9,1
3Bg5eDAPFDX9hC6V,1
3bIuuMi3Btd6sMsN,1
3bO1prZ9K6xgxCVS,1
3ck5qW7CFAtWb5EJ,1
3D2Nu4Az9KASo2M1,0
3Dgi7tpjLsUYYSO6,1
3DTcTtIEWpPCq0xU,1
3eiItPXhrGhbghQY,1
3Ej8TP0fSS6VbExC,1
3EnBe5xqr0gygwyR,1
3FiQGqAL7FoC50t0,1
3gLqwdeGzHXH0LW1,1
3HOPbupoknO6PXNh,1
3hZzfhcodbTE1rQR,1
3iCcU2TyCr7YQsf5,1
3iMrTsv6IDsgmSX8,0
3IQ9GY0xem0NbuFI,1
3jWwYOi9Eb6fmuGL,1
3KeZrH0Z3W6rBghD,1
3kgvdxq8ofg3qatu,1
3kH8Xr4GP5IjriZA,1
3L3psP58enPNbWkm,1
3la9hIEV5RsGOuMt,1
3lYvv3e3D49QAGgG,1
3MhewOW3FwPQwzkP,1
3Mxq89L9UUPsbkw8,1
3n5AK2oizuj9AG2g,0
3nabyXBiPvnjduMc,1
3O5xK5045W8R2M4H,1
3OJRe8CfXKZlmAn3,0
3OZ3JysdbDhzxdMw,1
3PjEcMvPtwhVCWdM,0
3ptUp1JbyCmQPH6k,1
3QCiwaLevUzBfW6G,1
3qGYdv6GRIJj0tQM,1
3qkyyQ3qAuCTN61V,1
3rCh2HygqrObgFKW,1
3RJo7kMjNqCOaYo7,1
3rP1eWzsg9FtRHac,1
3sab0xuWGtGoEKb3,0
3SBTYwrikLuMBYGs,1
3SluZbZsgt7CeuUo,1
3toPH7Ia5JmGbaOc,1
3tUhYh7zkCCYDldV,1
3u0q3edS5ZnksGdV,1
3u8BZG3TYyIhWGbL,1
3UNNTu0k8bCjqEYZ,1
3Up2UEDb3XyrPZGm,1
3ve6BWIfHtteiUPR,1
3vgLkg8aDDA2M7Zy,1
3WjNBEybwz8Gwyza,1
3wLaVjUr7RKrQJVj,1
3X1utFzxA6Pjppyr,1
3X6B2SnnItXCwBgi,1
3XFaE2ksbkERtNhW,1
3xLeVhwrVamJh49e,1
3xUgbj25dcwHnigu,1
3Xyu5w87T7EUG89Y,1
3Y9YwOLOCzeYmOdy,1
3ypoj5E33yjxZSSP,1
3Z3aT4pxUW1O1CFP,1
3zEt4UUsi8GYJNbs,1
3ZkPwKRi591yjRrm,1
3ZQ9UcmOp0bB7tlM,1
3ZVFXichrJSw3ja6,1
3zWpoHjolwd1JKSI,1
40sZIwwqmqAnnlNd,0
413fx5AJFRcuSoHu,1
41IsFScLUJ3EHoLu,1
43qnelzz6GOj7G38,1
45Bpm5fTTna6gUjM,1
45yHIXfY180egVr9,1
45Zt3gJjlt8ZI6Q8,1
46i5HvSUHUsnXtpT,1
47HxAnbb3DzbWJVa,1
47IUoZ5jZCG36Atk,1
47YFWEyKbjmMiKSy,1
49fyOYrDdiJj7Izn,1
4a2KCwygiXlC88sQ,1
4AFx4DNrl8Sxvpx0,1
4BEzdH7fL2WuE4ax,1
4Cg87WN50pwgIoCy,1
4ckB5J1hHpBNEKD9,1
4DdcntLKVxOqOvhM,1
4DdDs3C1mj6CvoOH,1
4DTO7JjSWwp3BvJ1,1
4EaXHIVqgaHgYpdF,1
4eSU6pDlMVDDNHAU,1
4f4f8zWubZmUSkL4,1
4f5O969hVwraBj4j,1
4fILjNBAbR0GwROI,1
4FWVP9FDxXOqUmlK,1
4fwzrueS0GceOnFG,1
4g2HV2d3xxabGKUW,1
4g7vWXMqV9MwofJd,1
4GYRbvC8c10rmFZa,1
4HzWKCbVnpCM3Dhi,1
4iDaRlkeObnmeplu,1
4jjX6fHuNUFMRm8U,1
4jq6ONs8FVccuu5w,1
4jSkv9GUn5A6zL1N,1
4JX52ZMbJFfZ2PCe,1
4K2a33SxUqz8zuR8,1
4kbF6qYMxUTmRe0t,1
4KeKyOxoseEWojju,1
4KuWMPpurXt85Te5,1
4KX7lj8laOTd53U0,1
4KZNH3VX1s3pvgO5,1
4KZnIuNUDCZlEuec,1
4kzYYYYgiSRCz0Np,0
4MCt6VO3fMsWpe6u,1
4Mv70KZZaXGPZ8Tz,1
4Ndw5AiC41hfQcPi,1
4NdYypuHHp7Pnpcx,1
4nNbwO4zittEub83,1
4NOuhoHxI0InXyvr,1
4nQJyqSioEN0YlmB,1
4NWpPsrrWZeNCbVI,0
4nWQdegWcQm2RBxv,1
4o1jA9uQfCoufFTF,1
4O9AkNMMRsNebuLX,1
4OW7I52Ob9vq11wR,1
4ozrXEGLcMBkpKfP,1
4P6PJjjnQwhRuTdT,1
4pOvmWLMoNPzpmA6,1
4qHwGD4iDAqPs21w,1
4QhzpFr4eEYSrE2I,1
4Qy8L73bAoY6MLAN,1
4r6ZKc4pfbAmt6AX,1
4r7l69k7A4jNvfqs,1
4ra174AF0LfB3lVR,1
4RHOBFh0HPotu0hY,0
4RI8t2RGoev7agOo,1
4RjGQxyk9NCOHHao,1
4ruVttfWiYbUkaox,1
4rX5pLn85Te421nr,1
4SiWvF9hjfVBXKL3,1
4SPpz2TtOu1WdtWa,1
4tC4ztxDhhebu8rQ,1
4tnx9JjWJzz6bzrz,1
4TuMzwiAG3lxKmpR,1
4tw585qGd0tRYpu2,1
4u9d7BHT1ngUV60M,1
4uFdyfSh6ZJoPEJu,0
4VC6gHBJN4HReD6S,1
4VcfcTIAms5wqjW6,1
4vUCvMhqMOUcw71y,1
4VUkpsHOPeKzGRwz,1
4wheT0eN5h7tsyQa,1
4wQjZfPQhIWBXIDH,1
4WS8VbNSEsvuLsYS,1
4x1ngHJVij4lQ00S,1
4YdYI8ype7BG4bPL,1
4yzRIQYu6tUQKHjg,1
4Ze4F673CSeHKl3n,1
4ZG9edgdeTnx8KUW,1
4ZqzMNgq7LDsmFgu,1
4zWeXKQxumJO61Q3,1
527OEZRy17bekyWF,1
52w1eVdUz6qALmDf,0
538gEd5RrG2nca3X,1
53C85QSAm3Xyofza,1
53lRAwgo2PfPPjLw,1
53ZzqNjl4phPcfj3,1
54ymXRyFTj1V6w3u,1
55ONRULKHy8We4wd,1
55OTkJcB9sPeiHKS,1
55vg0i6ctgLBbfRo,1
56H2jmRRflLByv6l,1
56pezQsSq9VmCvii,1
56WlSz7dpscxt2dn,1
574h8kEu5fkhGOtn,1
59SxjzhxRO9HOZRQ,1
5a4ftHxRMh9X3LdO,1
5bCCsYzbDQqoKJTl,0
5BI1Y8WYNF6euh6R,1
5blshqDDXgvkEOz9,0
5Bwl4YjmjJfZg9DZ,1
5C1901rO66tGQo1Y,1
5CtElMfPRxK8avGo,1
5ebWNHaZuvfHgVO5,1
5erkoNxPNjt5ChKy,1
5ES4MlyJjm2kUJos,1
5exs2MS6pbInd4G0,1
5EzQhxzYGTsJpSzx,1
5G6LYG9TpjqLKWKq,1
5gj433xEwqkXwXPU,1
5gYGb1HDgLWOCxMz,1
5hLPoH9KNSA5JF9V,1
5hMo5dqIYteoTV5p,1
5IPg3wbV1owwRY0E,1
5j7tGARFyK3PhCac,1
5jGmNSetkIHyBpnD,1
5K4zZGprO0Z3T49a,1
5KEjPprD30CjOycb,1
5LbqH6QrRci7OgBr,1
5LzSb172AcUK94sC,1
5nHTEV5SM0taftdU,1
5nLCLfB11bdaej77,1
5nyp9Baf88qOuYjA,1
5oeSki7ZTDOJulUc,1
5Oj8ux0mL71gqSdc,1
5p9VwzHIo8BiAfn8,1
5PcV6JLlZeqd0Zv6,0
5pEcaniTMr3z9fXX,1
5Q6rnBUyqupAZKK5,1
5qAygbZg8X4k0fvb,0
5qnbXBYfs4ntepLd,1
5R3wbNKLnYQ5ETWN,1
5R9wBlG0QkOIERHW,1
5RC7loj1FnG9tx22,1
5RUwnUMfU7U7CBb9,1
5rywIAi2BjqGLWhJ,1
5SdCkhgocSnH1g4Y,1
5Sof7vLNuwVU0zFN,1
5tFSSRi5rsthhFXH,1
5tU9CRMac6icsJSW,1
5TWrrGZHdtUiBgAS,1
5URa3VHFqWkIP5PA,0
5UxZklkJC6DULJc3,0
5V028NsprDjIjD41,1
5V4JhbsR5Sh5T7Um,1
5vi0ZSZr5724QDJz,1
5vujFyLDJNbSDB1S,1
5w5WG4knGoewGECQ,1
5WPaLeXZnAEVBrel,1
5xH96ZWuEMqb9Ns7,1
5ZoGYz2eQz7HzzdD,1
5ZOmKBlJfQS2HvD0,1
5ZZKCJEge3o9ty3a,1
6179hsDBi6EmduXY,1
61UxVLhwZqDEbUxx,1
62IqY7ycev2ZBDy7,1
62JrhgHeoi49aEeD,1
642kLTAwKC51ezws,1
642RpOEA61iGUBNw,1
64wPeJTixVh4BhlS,1
64XWn1xlqaP65tHk,1
65FpQHdfw4ytYx3s,1
66zsW2F7GOXtN1tw,1
67UUv5VyifScXYZ1,1
68DMrFJQkkTOxlbb,1
69hvbnLWWZ8QgxTM,1
6b9qQom74dUAVAFw,1
6bqFu2bk2Ka6OUG3,1
6bVm0Hn8Nj21KSOu,1
6DfxsKp74WclQFjv,1
6dZxU4uaWZhOt1dh,1
6F5LQpaSjNFQHoMb,1
6f61WnC3OVx0cUrp,1
6FkfnEfS7MWY7xjr,1
6GzM51seqo6asAPK,0
6HD7rsk5gN1KeJ2G,1
6Hn2yaamz0n3nJMG,1
6hRSr0J3NDfDN223,1
6HUJAjwFsMkdJnLB,1
6j2DViXvrT6TKtwK,1
6jfvNqqkY4YGsUjA,1
6KO769c6hattJ193,1
6krL5JF5LKAZP7EQ,0
6KrxHVwSq3HhtvIl,1
6KT3SxT5feC7KkN5,1
6lDCHxjg4Mq9rDe1,1
6MbCc4dyv9DGJrcn,1
6Mo9VhJZcUYtq6qr,1
6n9n5XVCJpUPfkPU,1
6Ngl8Bz1I3rKod78,1
6nIvVb7Y31Ng08Im,1
6NOnEiMdVzAeUzKi,1
6O9RwBsf2FRH2DOR,1
6OcWC66kCoVAxdjn,1
6P7T3zkKh6ydL1Wx,1
6PEJSu5l8WiddF79,0
6QkR1C6wVAsW09ou,1
6QxmGUU5s4sry9Sg,1
6ril0f1aWZy3umT8,1
6rQXCIS1usOltTqv,1
6s3gvQWv0QIn8LHt,1
6t2j30Pa7h1iQ5mt,1
6VcDwzDT9KFefWTX,1
6vSqrClb3WWY3Cr9,0
6WdfHFq15Py6VIrN,1
6Wp2nZdcAOvb9M2K,1
6wT5FvmZyhMtCuU7,1
6xHpM5J26QKkJWqo,1
6yCI9VQiTQNJkjjM,0
6yLOlD8w7yAM22cz,1
6YWR68MRS607VAf1,1
6z28mO2xqgHg4MYy,1
6zTzJLFAqqrzJuan,1
714ZCPSkpbOculRE,1
722DEBGIIlx9YXiP,1
73QodfhbKXA1sJ2o,1
73Rr8xhaEwmjaeBV,1
74CLAELYXFmMJSKL,1
76jnfz8Ph8YQGgrK,1
774WrB0MrkQHWCJH,1
784TfPmhrjs0vvH9,1
78j3hvLlLc5iQYDo,0
78Yrnj9nqAGnrUvv,1
79aLWH4lyMnyI8Ns,1
79VfSrV800M4jHcm,1
7acOc9LjjPxNscUm,1
7aJvXIszoMvza2eJ,1
7bdxqlaEKGjhXYR2,1
7bIuhL2hEcR0r6AH,1
7BoVcWn4lG2Y2JPI,1
7CK3z7w0kAwV2VwL,1
7CrnniFhkDlypP1i,1
7cryMO1rC5xUbQKN,1
7d1S77feOX0Kbmrv,1
7DiwvVjxM50BSUBE,1
7DLGDoEAXPv6NvNc,0
7ebu9J5ctvcwalku,1
7ECEAZfNfQbVch8C,1
7eD9vpuDm5fR6qcg,1
7EWUS4laLjn20dX8,1
7Gr3csrgdFfdirf3,1
7GTS5lb8FjYSdcnP,1
7GuBTZ2JxzYtbPdQ,1
7h0dhe0b8iwi30VV,1
7HLTnXkzxvr5qf6G,1
7HUTClDEv4qvWQDt,1
7IcgVRqwDFN2M4gZ,1
7ifEruIzn8EF760H,1
7Iu79ENrjmY4WumD,1
7iwBuemqEImhy1kR,1
7IXAdEQXCw5GIlrc,1
7JC1iB5LLGwGg8bE,1
7Jlnq9ZWM9xjAtvh,1
7KfgQ9jOSJmsXSrq,0
7LbZyBySeadMAVM7,1
7lFvXrMJvSzdQTyl,1
7lWxzHK3KFoyvva1,1
7LXaGbu3BKV52Kls,1
7m3lgvBXgdmyWTHa,1
7M82UQhlJSYEc2P6,1
7M9SK2DSdY0SN8Fd,1
7mHCkAW0Q2WDLAva,1
7mYZaPnx607seNdh,1
7n4QL3RLBLs2Ce2J,1
7NVOllm5emojsLoy,1
7NWZ3whxptMA1l2H,1
7nxpgwk0YzMHw5X4,0
7o49iQuXPeauOaRn,1
7OC9k4aGbIRRFKOI,1
7ojxOAC4QeKL7Xti,1
7OnTHkyrdtnFaNWr,1
7PA6zeO7uzvZVP3N,1
7QFSXTNG2YVdYPto,1
7rrpIqwBgyZj2Xvr,1
7sbEHPe9QxTMPG3X,0
7SZJBTdKyWSpzeKM,1
7T1ip43czbl8StxP,1
7tDv4dgls2hszCxV,1
7tEhMHsMICkkOpfW,1
7TEITMCvyajLCiBl,1
7u9KyDG6t29QFiil,1
7UbV59XStrYw9Vlm,1
7ukkwV9wCm1S3k3P,1
7UWUUPxNIQioHfPS,1
7v0soqcji0qwOoWl,0
7vbPBBqzNvU2rZha,1
7VRr3t9RBzZuvMGD,1
7VY4g6kl1PKOa329,1
7WfWckfB1158Gl6K,1
7WlpYEJzWUKFvqOA,1
7WRSyWFnEg6otNcb,1
7wuxGc4stHSe1WaC,1
7Xas2CmgFpPrrnNk,1
7Y23iNZMZ5Xua2TF,1
7yS6QxJqHhzY9wj6,1
7YtO7VKA8yFBkDSO,1
7ZH43fkDWq5ziUf5,1
7zrc8ydGnOiWnXYr,1
7zujnZ69XGen5oIs,1
80bSh3VAziMDyM8D,0
80REUkwO7uZ0WzJK,1
81ceTO350zT5zoJ4,1
81FUae8yo3JaXOrk,1
823OU9dr5xWYGGkN,0
82A4USzv36QuIInV,1
82kOfi2t2Hat3BiN,1
84FbKqQ3Lmx2Iwbi,1
84O1bVPAvq5JQSFe,1
87wQVtfDHaO1orco,1
88kupr1hWvgqMoAh,1
88PMbEoICFzIjkOv,1
88yjBdpG4pHNIZuo,1
89R7OdlPf4LGrsih,1
89YzgqM6fREZi4GV,1
8a6Xx5dPHi5Vf0S9,1
8APiTLoPlTUv0Lc0,1
8Ar2FdQ1hY9uHqMH,1
8aTNcpyE4auyX6nc,1
8AYz0QoxsBgJw2kw,1
8CgZ1FHI5XzS6izU,1
8d3uym9O18c87j4F,1
8dU4Blw4KY2xfbNO,1
8EJ5zm1PAv5nYU3G,1
8FChsjXb3rJG4mCD,1
8FgYKK0cUe8hklkl,1
8FOgffV6zRZCnT04,1
8fwbizg7vyyN2O7U,1
8gOBxdaVqADWSM9e,1
8gs8ANgY0hs32c0Y,1
8h1BfbxDExUBviJu,1
8hGloKUjtn3F3tK1,1
8HRrGo7BTPtY1k9T,1
8IkRA5FWCWFqyzxi,1
8irE7zNiiqC6O8Jc,1
8iUniO6rFYUpTQhh,1
8JGsnktTQD5R6CHe,1
8jqLLgf1zuiInOk6,1
8jy2MqEFeul98TXG,1
8KfEpMqG53g4QIJs,1
8KSfaoHMy5DLfY0d,1
8l1Poku9e94cRuxX,1
8lgPOZzkmiM2FNOY,1
8LOGHu5wuJNV2OYK,1
8mKuwEydSOyg1DqA,1
8Nnc5PcMsI87JThV,1
8o0syFhYPYsktaee,1
8O92nfaKta8IBRHG,1
8OFmFBrODTyRUceO,0
8PPjFRsxRRmG8DRg,1
8QBqXu2AJlLUCzFE,1
8qECufvPQk8ePDBo,1
8qMyExcmYCB6AZdS,0
8qyOJ5jitsEZvd0A,1
8rFBEYqmzkNCLQ08,1
8rGGAOEDjbket3Uc,1
8s9q3sswIJFMkl1l,0
8SRYBWjrdKFXl3zf,1
8SWRuuGZsihVtgec,1
8tnf7c2xQdRydr75,1
8UjUACpz7krh8cVL,1
8UsIWPFfegq2WG9D,1
8VQAjJvq3jj8Q0FC,0
8xKemhUvtnFrwawA,1
8y5LTthZLuXBCWsq,1
8YaeAN3rvj9bfjyf,1
8YJTBu9eqU97YABc,1
8YxH6heT3RG8YDRH,1
8Zd7orC9nNTiDUfA,1
8ZyuSrHYQYJUIqxo,1
912kT0NR6Urqg1bt,1
93TKQUOEMLHCGmuO,0
96KN0sSDgjJwP8gt,1
98kJHSl9Fc8kB0so,1
99HT5WhHBaMF9E9s,1
9A5uR7WbmU9msBzZ,1
9As9siXofIWkljUo,1
9bbyaPt6hrjXbND9,1
9BoZHRaarstOf2Ee,1
9ceNB7cyQwCauwxm,1
9cj7lil1hCSKNxUc,1
9d2e5eTaXLZNwYBd,0
9dJQ5vb3c14UxYWp,1
9dY1L1bgIkUEYe6P,0
9e2nLzoMvNJnerLU,0
9EFNvLa2tUE6LEZr,1
9f6Y7MmvpT2tD2cY,1
9f9bF21ntTfJv5tp,1
9GD4zqblS7LMkdTR,1
9Gd55VCbhCe43wnD,1
9gJlyhdZ9WqSTZKO,1
9gKuH3dDew0UgWKM,1
9GmUyLDSmAsArCTL,1
9Gt7RgrauzlzR701,1
9h7RsS2Dtpp6H20k,1
9h8CBfEq9UIuzbzz,0
9HeivQuxgvxIx41g,1
9IbCNa2Uq5e5fnBg,1
9iGJI96nCgYnzPMC,1
9JaMVArzevgFgCUN,0
9JLcviMiVumddcVR,1
9JVvFvUh9GoTy3Tz,1
9kCNiAGzHogCMWck,1
9KduLDtK8q7jp1LO,1
9kf0nnU6aWpGy1pT,1
9KQslyacpcymbRKL,1
9KQvYicWZVZD1jNu,1
9LFXOP8L8lrcr8hR,1
9lMifH8eevMBn0J7,1
9lmUBYxI9cRl9u8B,1
9lQkqHTT98yCeBrh,1
9LYg6IfHKDDCEWdw,1
9Mglw5eP751Oc7go,1
9MGzPWbNzf5xelqP,1
9Ms9cwfQBsiZCTJD,1
9msUT5m8BfKaNVnx,0
9MX0FHeyIw1hjc7y,1
9NjtZUdACFPZGx9l,1
9nrNHRWMoty3CfJ2,1
9nttsRHSNuH85brn,1
9nYd9IhJY0Mkfg7F,1
9OgMgcadXGhm3JBp,1
9Pm72HsukHpbVsb6,1
9pOsrJjcoBggb7Sw,1
9PyVW2UZxEkXIItq,1
9Q21IamDl3c7W5Hh,1
9qMnx5pb67JVvl5z,1
9QPbGwUUWuQtEy5H,1
9r0p9mto2Rpbqrl6,1
9RPgvihszV6UCwkK,1
9SOLSWWboMxvBFDm,1
9tLqS62Q6y1f1StI,1
9TNTN69jskx7nxNQ,1
9TRUSKP9CHTobMRn,1
9u3gQ2trCVJQyYjz,1
9UvMPeejfJMKQlkv,0
9V2ms4mzIJYe7r07,1
9v8k22VgxXe0bJsU,1
9vOP3DwfbeW5oYdG,1
9w2sg7c1TAwosWKm,1
9wGWu9kIt8T6IArP,1
9WHbT3TrNZQbmyYa,1
9wNRdoGi6yD1sVZy,1
9XxKNqpMeqbYmuIY,1
9YeIex2j5SVKvpE0,1
9yMDtMqNptcmCguz,1
9Yp7S495RFExvcmO,1
9zkPA53UkCTDRJZo,1
9zvRuzj5GJgyjCyS,1
A0pnxnu6vW7vjY88,1
a0RFCModjXdidtNT,0
A0Y26dLThxmyPzDr,1
a1eAGN1VXapLekso,1
a1mD7aCd2fUyz0MC,1
A1sxYBUHhFRYTPoh,1
A1yYvG58Q4ODEI0e,1
a1zROFhQRsTDoMbA,1
a34K2mQ0uJNwYjST,1
a39FdAgU0A26RovN,1
a3MllLUm8uwnxTw1,1
a3xsIqFLlcQDuvq5,1
A42CjvnDmYn8PsBP,1
A4rpipdB6q4m3GIy,1
A4YffGguwhlRB5pz,1
a57mCYYiM9EJM3xe,1
A5bglf5Vocnco322,1
a5LgI7uQC3dImBu9,1
A5s391609JL7DZz3,1
a6l0FoLM2nCANo4i,1
A6YcgZfwgWDKJhT5,1
A6Z7ymMwtTUTohyV,1
a6zQguQRq8QwmBC9,1
A77omjpNMFcH8wmh,1
A7pyl3j0AYCy8tMn,1
A7rL8pHBJN3QaQZg,1
a8bxYmy91NVbxpoP,1
A8n2BmK4aNpT5Nzo,1
A9enO5BuxR9xyJrQ,1
a9VnubfIbeAGWYLL,1
AA8eICUhG8rjUgr1,1
aAdJMzh7sEFNPra4,1
AAUxDqAT94lgxhz7,1
AaZHAeEjfjjJMzN5,1
AazsC3U3uY26mtsg,1
abfhmPxKNQJ9a0sH,1
ABOG5IkejGChpEpT,1
ABPK705FncieHdG2,1
ABPPbzJ0RygIO5OH,1
aBrbJctmRsLxivSG,1
aCaESBeMDHSHg9Sq,1
AcfBcFCpDGDvxGWu,0
AcmiXVK1oqNyCXX8,1
ACoXLdAfWpngYmxe,0
ActWN6oeLE1FGFan,1
aD7lttDQuDgaLJ8B,1
adbZvM2lCzhWH0FR,1
aDe5WYFWFQAG0BxY,1
ADSKgWPZWMiOuNDl,1
adSXwBWj7TdhwemU,0
Adxc3xtYGiEvUeA4,1
aDYBL61fBQkrvSgS,1
Ae3ecjA7aEbX9wZn,1
AEeIbJIJJ5uFpiRK,1
af0IgeeGSfePFNTM,1
AF9ktVSLWNLxX4B9,0
afu4IfZ680Nr0CzK,1
AfXQ1ZcBZmp7ZgKz,1
AG4SpMIldaDvaZ9U,1
Agca3Hc8BFRuZo5Y,1
AGd9ln3DCdRdAssU,1
AGMhaZrzLF9UkQI0,1
AGzYVeIHsmAVXx9d,1
AH6Ro6Vd78oKSVvl,1
aHcz3yumy0o431c0,1
AHhU4SqNuCm39h9T,1
aHoyQrK5oZIT568D,1
aHXl8TvwBzlAui22,1
Ai2jYeqwAdanJkJU,0
Ai9MSr3dzOglTKaS,1
AiAXWUgmbwuZWLQI,1
AICdrBDXs0efzrHh,1
AiEN6GeQV05gsFsp,1
AiravitjCVi739Bx,1
aj0IGKBzCqAfKA6P,1
Aj8k2Fhc5cd10JJd,1
ajJR92mCX71ss1kJ,1
aJl0d3pUMo8vLmBc,1
AjND4nxcXVYa1HT2,1
AJRdohZ6fRpFIzsF,1
ajrQCwIpBQaGkXXW,1
AjVXNOBsWHlSM5fL,1
AjXrDnjnIk9jE0sd,1
aKbSgcb4tzOpHgMh,1
AkfyVSz0D6e5ypw1,1
AKGokvMSKoYaQWc3,1
AkM5NWw5lKEn2VMh,1
AlDba1PaUTTnpKUS,1
aLKIQaID9eFCLqqy,1
ALWVaevsCsy1fSa1,1
aM0evE41ugBAw1de,1
amHZliAHG7ClyuDH,1
AMijf7OJySFDvZuE,1
AMnLhv4Uigqb5pSA,1
aMr5ADlDvjqnzMoW,1
AMSf3ekA0z3cFnbN,1
amtI0tST7GptXdHb,0
aMwyJIhTEyOlSITf,1
AnA0FiSnO9RQgXLS,1
aNBFsVREQsVDOOwb,1
aNOPd5g4gNnNQrF9,1
anT69bTTzoGiKIWe,1
aNYU3g8Meo6FxkXD,1
aOG6pAaHQ0rOSF7L,1
AolUgEDzhsClkqye,1
aOov8U96O9Yspohj,1
aOPrToNlnVYBRhja,1
AoQ2gCjKbGLfuaWP,1
AoYkkUud3X4MOxg9,1
aoZmkbdqVb0J2g2s,1
AOZQZ9mTaCj0xCW9,1
ApGHjrdcYed1NcBP,1
aPkPjdnuM41GVSQU,1
ApMo5pj26HApUITv,1
APnlOKlI7RJoEqWA,1
aPyAnPN5z9dvRZsG,1
aPzTxXXMxVEokBg4,1
aq0Yr7ZCUT4xF8AI,1
AqJ1WugdunFFkLW2,1
AqRGhFXsgIAI45lA,1
aR3RcdHNqwGZHaJx,1
aRB7lzjgspCCoL1P,1
ArbA0teOhsnLUNGb,1
ardatEwiIQsiR6Fk,1
AreL14S973dAqyU0,1
aRIyV4dnshlPVHYG,1
aRj2OYo17zxojo7f,1
ArjLOgNHMAOKFE61,1
aRKDKev6FxzehsET,1
aRTWEbz8SrF0YsjH,1
As0HdYyhXaZo8aBs,1
aS9dACwvMawFe97P,0
aSptvo8pMSlGoTrI,1
AT9xORZK12ez6L2y,1
aT9zd1gLWZr0MtuY,1
ATJQZpKUuBoerUIb,1
aTL2qaZSFrc77AKx,1
au1cXY5VPW0BcrnE,1
aU6pvg29JGsNf0pS,1
AUbBMIwAppcbhSRR,1
augHmXWArYFnq7m1,1
aUPqRU7Oj7bpINdA,1
AuxbvMHJbghkIkHC,1
AVACtSPmFf5wbCBe,1
avIWyJe2HjDyTPom,1
aVldQLElS5RD4yZS,1
AvM23eH3ILjY7lAw,1
AVN2esib3u6GGFvK,1
Aw3bokWZnGxT4Xwh,0
Aw675LH60AYCgVzc,0
aWgtb5OGaBeEpKWJ,1
AWHY9nLQEzuveq0B,1
awUJrmFRzequs5OD,1
AWVXZd9G2ZazRCJs,1
aX5NHegglDMlpJR6,1
AxJsTsnrAMx8chNh,1
axP7N5dDBpG251Ez,1
AXzEm11UHmZW3rYS,1
ay2anFqS7fPT4wp7,1
aY6dCFUDzh0E9hY0,1
aYAt0o1z3p2l5t53,1
aYG1PhCBcgafDOcl,1
ayJc0BZudgC52Qnh,1
AyQgpDNqwCv0IOW8,0
AYrtWco8c0E4jPZm,1
aYsXQYTboZf9ThIe,1
Ayxql00ft8Ubt5nv,1
Az9CXSuEEGaJgjpA,1
AZEsUxevJBMOFpta,0
azfWaZXcmWlWAJ1k,1
AZKI2R2g73qXdsUK,1
azrZqQioEXzMpq4R,1
azSFTkU33EgfHbB2,1
AzV3YmLuAjrFoDPZ,1
b0QVFJDIOcBHiIMc,1
B12DbqEHOLx14PQV,1
b18DWx53KVbZq75r,1
B1ccD0KRh68zvDIs,1
b1FEbPHK10GhtxD5,1
b1Fz6ZmdYYkVeDpe,1
b1gwNLdQNrHLV3eO,1
b1IN65nH9jCb58KL,1
B3LQ8jKoVwIYL1bd,1
B4EEEIQoXjZE7CUo,1
B4MuogOr5TNqvQ2Y,1
b4OujqiRqjihMYnE,1
b5BxFgn9A2Y3g3xH,1
B5Pujb6QP5T5XjRt,1
b6AMgPdyCLft0V50,1
B6cNKqoAmrIyGp9Y,1
B6EhC2TPKFiP8iZH,1
b6G6xL9qLKqH3IjC,1
B6HjBB4LXJRxwrFo,1
b6LWKvPUrSzWgVkW,1
B6xV1ExSCzBkLwNw,0
b7JoqQzOWgJTVpbh,1
b80MAKFYwI9Vmbl9,1
B8lj55UnXJl9zJf8,1
b8tFMEXLR7ppM2BV,1
B9taR7AvL5mLs2kH,1
B9z5fQen6RbK7Qgo,1
BAJTGI90BhdxYfgc,1
Batf4boQlV4zO9T7,1
BaXjLIBXewI17CMx,1
BAZE2CPpMoQTLsyT,1
BBUBWzQ7Jh2ZWIDc,1
bbzbeWwI3t6NvgNB,1
BC2rWeqJrGQUr4Un,1
bc7uw8bMzvhHEPfg,1
BCbcPuYmx8vxOsF0,1
BCcvA850PE4PgTSr,0
BcdPScbMfugFMqn6,1
BCK7pGk94PxxjTEF,1
BCmZnaLLcumn7Id6,1
bCpWWWN06bUSXJ3U,1
bCqzMJWusp6im2Hq,1
bCrw5oxUcxWHV2dX,1
BcsuihzeysHcqlpY,1
BcVzkcwnDg68QdsI,1
bd7kBwnSgJ7x7jrR,1
BdDO2EqgGDqX53Gu,1
BdLRv2tQ17U9LbOn,1
bE6BHxUtuetHdSGq,1
BE6gIsSaXh15YWcF,1
BE6o18SMDBDXiQW8,1
be8zBodcPdBQfx8x,1
bEfRAirea2qLbWIW,1
beJQSMT2Qhvjjayy,1
BeUWYBoD0MMAQfFo,1
BEVz241KSMpMDZWB,1
BEWFMVGsfq0WEbuI,0
BF0f7pYJTHOdl2Do,1
bFa8oN6s5r1evcxk,1
bFGGAW1X0hQept3v,1
bFU9Q0wIAvd8uC5q,1
BGIeQtodbWJTJWAx,1
BGUvCr842fTlZKCy,1
BgZuxuDSC5Kis7wW,1
bHCJctlXSZIJf7v1,1
BhdcozKKDckHPgNm,1
BhkFBCY42zW3RthN,1
BhkVVDN4kbYI6N0O,1
bHOgyLk16NeiYhnb,1
bi7fpzlurywg67cF,1
BI8KcUb6F8xqSLW7,1
bICdZwh3gx8XR83a,1
biLqWwofs3lvXfXr,1
BiQhZKFXosyDofvq,0
BiUfZBOaF3WxUKq7,1
biUxjiTqJT1pgxEv,1
BIZdkPkNor24r18y,1
bjfcPHrtLAqJVD3k,1
BJfP7eQkDRP0S4VR,1
BjJ7d0CNRwyGdAU7,0
BkHCQpGokqt7rKqm,1
BkjasGslk7OpikDe,1
bkJqXVLpj5XD8WTL,1
Bkjy6AxyONZHPF7C,1
BklR3T5KwNb8xiSh,1
BkojTWf2XtVHDpLe,1
bkTCbDkbh7NO4OH6,1
BKtGWs7ZZ7bSMNuH,1
BkWCYFcCSmnmhFti,1
BLE61WZgSqqvTJfG,1
BLYX7areLeDyxV87,1
bmeuGzQc95g8Pdff,1
BMiD3VN4WhZ9fYOF,1
bmiE8PAEtlkitnwK,1
BmJO8JllN6whuWnG,1
BMQav6yC4C4kPp9M,1
bmxfN33y8eKPDlf3,1
Bn2NUMdVoRH0Xf7a,0
BnEkspXsZY2WFixp,1
BnM1bsqTod6hcqXe,1
BnrKuZmMOIVSu7fY,1
bnRZpbBU2tED59ii,1
BnYkUq1xiXqR2iIn,1
BNzSXl7Rx4mEr82Q,1
bog3RBxzPXTnE1WB,1
BoiE3H5M5wxcuTZW,1
boXCEslGUJQEvpZe,1
BPkVkvztDRyEMRlG,1
bPn1kxUK1RQvcMKZ,1
bpUouYaEfH667U91,1
BQ2NKwZusS5yXO2A,1
BQ7ex1jKcMw4HuWo,1
BQE4h9fXOL4QDR3Y,1
bQS345mLNuvRMjeP,1
BrhX8gSQMc1MCeNe,1
bRIaJaXNWoess3Wj,1
BRwGCI1cCYdEqUPn,1
bs3ISByMitG6OuWo,1
BsIJiWeH9LRau8A3,1
BSNvCueKGv5pRdB2,1
BTC9vRAtmEOI7NTu,1
btidvnZ2BY1pHRjp,1
bTnk81MDzStuLQ5Q,1
Btu9ioPxT8xEjxlA,1
bUGOsBAslkiVppX5,1
buHVaYV4CBG7i5lp,1
BuKjYC7lmk4nxuna,1
BUw2iba7lajlcFhh,1
BUY6t9R7uhjn3SBi,1
BVj5ukZ5LyGoGjr9,1
BvUUB8SGmx8lLbwu,1
BVvIKzOIemrUPZdy,1
bvyjHhf7xPpTqSY8,0
Bwb9wnLuPENcq2Uq,1
BwvOKQbOjmvAx53T,1
bx8yiyR2qEYgyvuU,1
bxhd3rtHIvYyljbQ,0
bXzj7h4EMSVHQgiJ,1
bYayxoovfIlhgQKT,1
ByCe7ufbdPxFv1VO,1
bycOld6pDGI4RjqL,1
byMgzgQnSfYLEVlH,1
BynfxntWCA3wpaCa,1
BynRV9VwwWlhGET3,1
BzIthtTueSpFnh5S,0
bzOSB6Id1m1PyHXa,1
BZszrBtJIZ7ELTRM,1
C053VQPoC8ZsRRA6,1
C0Hl8tW76DjagteA,1
c0nk0AjM7wjNMbaz,1
c0u6YUfvpyk3tDMp,1
C16yxNHiIFHX9HWU,1
C1AzCMRcmzDHIj55,1
C1LrgpfpEzZlznwH,1
C1N6ntqoDMZRRJgd,1
c2JL4bKeVkHpGYF1,1
C2S4iX1BLQ3Y3vnx,1
C3RlVO3GswVzmTG2,1
c4rwD0XnBbqNqU2k,1
c4rWSymUboGZPoeW,1
c52dEcw7tXD0wZCE,1
C56NK0PgMbKkv9oo,1
C5dxN3khpSw7SyTX,1
C5huR3JL7AIdGXvU,1
c5Ky5iiNMfsa51p3,0
C5Meeq2Iley8RrzN,1
C6KG8JSSaYgQ7PTJ,1
c6lPpgnfwtqUk6K2,1
c7cTECFXiIH61DWj,1
C7hOPQRu9CIkVJfQ,1
c7Uvk9BDf0vO9Pw3,0
c7VwBblMPZcl7hUm,1
C85gdvvCNEGJqfOO,1
C8I2ZgsmcfGMP5Br,1
C8M11zccYtyyELlz,1
C8wpjRWCizjY7uYs,1
C8z4geUkL8c35Rcb,0
c9u0TUQoUEjIo0iQ,0
cA6iZUVFM41KChLG,1
cAAMiwluVfhK9NTg,1
CAbs1aePMY9womqs,1
CAbX5DYPKkL8C4gU,1
CAezBnxz1rQyuT9n,1
CAIkVfXzpilAGvTq,1
cAKexcxnSOHMEZgG,1
cAPJPZaF2jzfMe1Z,1
CATE16zB0EHgBoPq,1
CAToimdGHAsUttQH,1
Cb0CyJwdXp8U4iAb,1
cb5f4myNiqR0rJuW,1
CbirjiWEUOIwkGiV,0
CBkoHlWc0wArXHSL,1
cBRmtO6HFbRWIrnF,1
CC4MNYUjIWrJ9493,1
CcaHXPHf6eqkLkq9,1
CcFpbkAl1t1Z2htk,1
ccGmeAvtJ9QC6LTJ,1
CcV9duseXZX5wHim,1
ccwgmP7PRClf0zZ7,0
Cde6px6wO6t1StR8,1
cdtiSPHGWFl4fG04,1
cDWKARKjcOffufep,1
Ce3BS0h10mpOkLFc,1
cepdq3tiYFpJ2FgM,1
CF2U07gZPZRBCxM4,1
cF2yWW4ZmDBj26QO,1
cfclXLQSi7Tlr9Ao,1
CFFIfCO25MWKQxIc,1
CFOmiPuP5neZpE3m,1
cfTZ2cS98BBQ5uP2,1
Cfw4tFA6TxRY267U,1
cfwy3dZkSPNcFRWK,0
CgA1xvUZoQDWxzw6,1
cgK7by54esNLoEVj,1
cGrfN2nMXNXF4wr2,0
CGwoQXha8yBhIIgi,1
chF0isdeyvz9hgqn,1
chfXA80yW63PQUS8,1
cHITgrYfAvRXaKLz,1
chRffPDSMOZsgxaB,1
cHRRic0GV51fu9Fi,1
CHx29ePPJxnhvkqp,1
ChxuFBUZxWSmdBAm,1
ci2wJI45BAcEQLkr,1
CIEAmu55K6vHJRHu,1
CijuuxsyWjV0M3Rk,1
CiO6EQAQcNNdxmg8,1
cIOtIUoxmpxEDvzR,1
ciOxlITLnxnNmkds,1
CIR55Kn1DaVmtF39,1
CIuY8K5RfE8xiZJL,1
ciW06bTBtGzVd6Em,1
Cj7PweKzYAXfdRTt,1
CjCVr1HgpZ8sbiZu,0
CJJgO46LIFPr83Rj,1
CJPtaPZC5mvywjAE,1
CkgXnAtALckfzGmM,1
ckIvsbJzR3Z2pzmh,1
ckjmY08n8ycbZ3Vy,1
CKLqGJ3RDl2MeWjG,1
CkWydHq2rIXuGAtJ,1
ckZ9Sgb3wRDoBSTt,1
clAsTt3kztjcMJGV,1
clBNwlF0JjuNVJiZ,1
CLHaW10dDx4TpkJ7,0
cLJrPfTWyAysPQWG,1
clwT3SclbJZJiWQ7,1
cLxVLqQlpjEcTiaA,0
clZDO7YTLF75ewL9,1
Cmoysg7EFDFmFNcJ,1
CmPKb0wj5pO1O1yn,1
CN4oJC80pHFIyUx3,1
cn7YJEzuPhMRk0td,1
CNfqItjm6FhWdojF,1
CnoVlehLSamemsmy,0
CnR0tzKfAvuthrQc,1
CNTiKhRJfhFjKJ1d,1
co0vJmsKeMpbTPMD,1
Co5w96P56irEpxeh,1
Cod4nZoOdl2oeYgC,1
COEFEqHIv9YCDMgN,1
COt2aigPxRLssRXk,1
CPfW1rUf53PGCDvw,1
cphaulJ6yqdiWWx8,1
cpJBSe6DOthG5VUd,1
cPKqX3zwjf4Xhi9M,1
cPXjc5Zk8iQBEi1U,1
cQB1usUW5f8oqhQY,1
cQC6qcv99TiezfN5,1
cQpBBI8rIsPHtTM8,1
cQRQxVP88hAkXc9w,1
CQue1tepLE6s54lb,1
cQvOErHispxn511f,1
cQwE6fsZnQRIFVAR,1
cQYIGw7aDgmjO5lN,1
CQYlpaLUMQX09rsT,1
cRdQe2P1GWBAvuFi,1
cSJUoWY6v4ZfT2Eo,1
CSVpqc6xaVtg1DLx,1
cSWENIvsdVW3hoVe,1
cTDTOYflmEnHA8jP,1
CtJRmWgJG3u828Ml,1
cTknMhbKyHoF1fHu,1
CU9JoOwlY5lZxFhX,1
cUnXHEWQ2naJTpdQ,1
cUoaUgfJT8zPXIyQ,1
cuTcq4A6DKMdrRsB,0
CV7OvKqjXwGGnseT,1
cVbhAS6yL1AIitl4,1
CveuaG343pPEO56n,1
CVoo8fto1NkDtG6G,1
CwLaM9CPPxUjuCGZ,0
CwPkKoICEmWNXjMp,1
cwT2lzw2viXaannv,0
CwuxUJjhA6kTbKYE,1
cWvni04OSUF4chpE,1
cX1yGhoyFaggBImQ,1
CXbikbfd7S52oG6f,1
cxD1FFVoLy9nK542,1
CxDhPgb3xijlisyJ,1
CxrENHEZUNT9FiHM,0
CXTHppglrXC6v33o,1
CXUZlHfXMoMEmsso,1
CXYHVIOQbJiewD0u,1
cY2kLmLXCUBUczmH,0
CY6PYkzC1jSFdwxK,1
cYNFsOKh0VW3kL7T,1
cYtjikwhdOcJRIPe,1
CZCT0JUwa1RcNYP4,1
CZMVwscbBOWMpMSG,1
CzpFSfT23ux1QTup,0
CzqbT923tyGR1q6z,1
CZQJlqFygDjJKqEs,1
czQSNxhVOhZ8gRJQ,1
CzYGxgXKlieTxnAG,1
D04OkiugPytgv9Wl,0
d0cUV9C46KyEm7LB,1
D0eLeFsyWdJJpwQZ,0
D0KTXYLsZISpfKP9,1
D0mbfLe1qugpChM9,1
d2donWWAMTr2tbW7,1
d3GBAwcIaVUECdet,1
D3Kxr6AGJISmKBVk,1
D3mAG6irV4YP5xGI,1
D4A7GqiPZIt4awFr,1
d4g5fzvQsKVerMWd,1
d4iAvRn0deHABuIm,1
D52pEc5o2nnRLiSN,1
D5EBc1hqfHMkAj7p,1
d6QwgzWmn2sx8G8i,0
d7HO1L5f87cSoOy0,1
D7I0EPuWQIPgezoJ,1
D7XypD4MIgQxPSIS,1
d85KPKI2tAGmKXzP,1
D8CyX5oVs74RECan,1
d8RatvldYkwQRlMZ,1
d8vGfMb1wvTJfGdV,1
d8XFwSua3JCJJK0i,1
D8xh4QaKffHfOLJT,1
d9CICxZaUUGo3GmZ,0
d9evWImV0n34lg6T,1
DAhUKCVNdyvkctHh,1
DAU8L4WwpIAzsuvZ,1
dAxWgcP5iZHBWAxW,1
dAzHE5BjJmBODHAB,1
DbEURoUpFCTywcsV,1
dbHiIdxo9Q3bBYCl,1
dbIs99QOZf6Nh6ON,1
dBPEG14VTLRbNBLa,1
dbpvomiZxtybrDWj,1
DbUZweqfk1jX4Vo7,1
dc7WyZIVxlh55UPc,1
dCbkrdKzk2Ynppjq,1
dCf0o7BJtJWDqcPA,1
dcLhujnI4vzSHPP1,1
dCUN1IqKuqV4PgHK,0
DD2BUJ5QqLtpbnzb,1
dD6JQ2yoG6NiraRj,1
dEgsgYWfH4gYphUo,1
Del8gMlWIhNrQdFJ,1
DeXQTGznxex41G6y,1
dEY6W71cBxSzBOL9,1
dfeDTRELWUoNjanA,1
dFx3lXsJBs1pQ5zJ,1
DG5zIYea3zkZYXTX,1
DgfxEOftNHOCZYSp,1
dgvQFhJr4CZ33yLM,1
dH25b5ZiSH0J3v2c,0
DH3n80kRWvyLYpi7,1
dH3VT8cBcMlFbOcX,0
Dh4jp9R3izWywJL7,1
dh9qmDWrJt5ZW3O5,1
DhB4W6EmyrEdAX0C,1
DhEP8HwwCFrc53uQ,1
DHHLJ2ysyMxRAGQm,1
DHkonVUGd94YfWUO,1
DHMlybcUjFgN60ZE,1
dHmYto2LGDEG4jzq,1
Dhq2T8eZFt9EcRIm,1
DHwPlG9nwGjBJHMN,0
DhxXwANmneyCVkx0,1
dhXYpc7BRb4I1MNY,1
dhz3WtnaakETFhYG,1
DIBPzaMOBNGtuXjk,1
diDtwhmKlSVGcxHP,1
Dinak18UtViDJyxo,1
diPq89k2XofLmQU8,1
DitNYm6LcH7Dp638,1
dJ3exasNNF6ZGFBN,0
djCjghHP7xwJoBCd,1
djEHKjnklqoo6OrM,1
djlyCoBrEQ1LDLtp,0
djMvVzu87AoVwH53,1
dkdlsMflQIxiTFOM,1
dkGUEIBgdRzIhcbG,1
dkTzpNi6CqZBe76J,1
DLJtmQR3654kr5gz,1
dm6DC11MBWvF0083,1
DmHLKcDd0t6FMzQP,1
dmo540OS1JgErmoz,1
DMqnNmAmE6PsbSug,1
Dn0vO56boHqvauHs,1
dn3bKi5xZVeQO5sZ,1
DNFZeTVmNtrVLDVV,0
dNihBB5EHVjUMvP3,1
dNjAqI4mrYnCrMzt,0
dnv3FS1ApkFxHyS9,1
dOaK2rEy2GgFjODD,1
dOFgIKSvKLhiEYaI,1
dOMleQNWXEcP7wZv,1
dP4WeWXk9kXhdCgW,1
DP9Q0o1i0BYTYwIX,1
dPeVFt15BVL4nrXE,1
dpja7SrSSGzBRyaE,1
dPpM5R4oZfoJeSeU,1
DPQBAZhKNIRvyV0T,1
dPWEljZsxmS73j8p,1
dqcTECR1hx4npteH,1
DqJtDfBHjhdNRQWj,1
DQK0a1373uY9qpQB,1
DQlZuj7UNP2kAksJ,1
dqOQtXMhtkCcswKT,1
DQQBjvylypHWdwFF,1
DQqmGUODaGGNkIPA,1
dQwc5WsSDZvFVqv0,1
dRGKTqbUT3yK68og,1
DrH6TVFHPfmHIu8X,1
drI05MScT9P2LIgj,1
DRtovuNnCURYk9Pa,1
DrwV9T5slHno6xiI,0
ds8kWZeqN1ud1ZLO,1
DS9Jk7TorB2y25Ns,1
dsdcssfd7vxtBiJp,1
DSFUbtN5xb5m3af5,1
DswyP4IcErcpKD4W,1
DsYgnlopcvo1kJVG,1
DtGP2fUkQ5wMxBnQ,1
DtkagDfmbYdsH7gi,1
dtxQpTjkiYgKhys1,1
DuMMYO0RXMjd7Arb,1
dUQsYtyF86EAY1al,1
DvK9mflPdLcQH7W0,1
DvOVX1uCSU8kz6ar,1
DwebU6yhC6Tm4eyH,1
DWlxgC4GeapO7pjK,1
dwRJBDnXOSo04hlD,0
DwtM51IEQZQdUfU2,0
DXAhfWgwkv6NhslW,1
dXfWp7cPTveuRqfg,1
dxGjQhxFcib0w3lm,1
DxL9wuCCaXiSUpQJ,1
dxm37OVzLpo7pZIx,1
dxTfIundsxZGjlfq,1
DY0RIrTvVmoHU6ol,1
DyRRhsEgN922sV1U,0
dyVlVjkYBHUpMAaB,1
dZ4b6Iay2curfpFK,1
DZGfMMd4P0kxoDBh,1
dzKmxysRIxKPV2FS,1
DZsTQiJvWskjYyYW,1
E0GJoxLE8gJ07rtd,1
E0YuR6mBl54ey7PQ,1
E1IpOCMU9DVmMWW1,1
E1Va9W2sw5GIRRlb,1
e2RpCAB7LIS8uN9x,0
E33Yr4iz00JhERMz,0
E3zmM0Ran6J00wiJ,1
e4eY9OG9WtIDcfqX,1
e4XpfaP1xqSHqXQa,1
E5oxqGgNH9UWcEEX,1
E6sKJ8Zr1KDhu7dg,1
e6vROsaNBMPy5Dkl,0
E7CyHM4wzI5Izx7L,1
e8HcOdhhg7OMj0VD,1
e8N2KaOskD0C6qr6,1
e8Y7xhn4lsD749NB,0
EAHNM3acaprKnY4Q,1
eAnPbv5NtgcnmUKD,1
EapuCqwIKfGzOSwS,1
eatFzhcQBPHoMx4s,1
EayWeXBl5JfZ80Rp,1
EbGJJRr0GkUDYLD3,1
ebJTp23cS5mofsJ6,1
Ebo1SLhyLyJZiSiM,0
EBrEiwmJt6d6oV6P,0
ebtOmbfrPEeeLLjv,1
ebUsnzRJAIF9zh9u,1
EbWZe6uwtQZqKc6i,1
eCGW8tViy72vL31Z,0
eCHFAp45cQWoPfpc,1
ECmpvVS0TwxyMSDi,1
EcR5jZlafE4rUc51,1
ed7IapOOVQnnCS6W,0
eddc4Sh1Bj5Ti83l,1
EDQHkp3sD2qK4g6h,1
eDxtLvSf5tt2rzlh,0
Ee5rIJF256iNc31V,0
eEAHqrRkeP3grMPH,1
eED1BdQluX4GNpt9,1
EEHJIVDaooNxoy1l,1
EEQW63rcy0Xm22iO,1
EF2VDftrKI5zgrpP,1
EFBcQqxNquhYVkIp,0
efLKNi0J3Fu5sZEw,1
eFrdJEESHfRIf5N2,1
EfS1vFzXK22dSV7H,1
Efv3OZbUvst32KKA,1
efYfV18PTOVpBGmr,1
Eg1AIRn2gaev9OBf,1
eG4cSyTSbsZxDmQS,1
EgAnDdoqGeLlddHy,1
egfauQhDq2ej0bUQ,0
EGJcGjepyPVo3R9R,1
EGLzz0JX9kbf4mnJ,1
EgmfmeeyFUSpwdx3,1
egWeC0arVGLmpDVs,1
EH9tgH0hBHISNPPy,1
EhDzQpAXCT0S7Sbd,1
ehTuKllnF0ZRWzOU,1
EhuAnrP10IYF7QWn,1
eHw3joVjRRPF1jYf,1
ehye5PfeFIBhSKCL,1
ehZKNveecg1VKn5K,1
EJ8VXMw90gvVIP5c,1
EjA7F3FuTSnV6XZJ,1
eJB134VWgCRZlmJ7,1
eJiV6DME8kwf7wRA,1
EJMfQZEMEhUAgSql,0
eJQ4ZAfNIh0UpwNk,1
eJvjSWXs093DZsyf,1
ek5kbtGtvC0hezi4,1
EKaJeEsjJi8IdgeL,0
Ekdn145ztBwrAgts,1
eKg36WDPN5NUOsPQ,0
ekiQfV1KFcnjkXZZ,1
EklUtupAEWCPggFg,1
ekWPcg4aKGF5lqDq,1
EKzdeJyaPflEjY1Z,0
eLA44N1iZbAjeImJ,1
eLgvXHplH6qrKiFV,1
ElKbhlNgT0Pdd9u7,1
elrP3KQLGYZFLrLF,1
eLVvxPPtMPwe8reb,0
eMARaLcgy6X9xyjZ,1
EMOK6jxa3C4wzUIJ,1
EMz4CSTuAzC9beZ2,0
EnazzULeJY07bG0w,1
enfHGibsvUYQlo5r,1
enIBw02E3LDVZvXV,1
EnnYwcRH2I7yI5AC,1
EnrJa7q2FtKJojIC,1
EObpejzpmsTTy66L,0
eOCb7eOsUVtyvTVy,1
EOuhohZLmAU98ixm,1
EOwwz7mvamJr2u4n,1
Ep2AwuoMTRRhOiSG,1
ePCWNGPKrg3bUTYV,1
EPdrGjp0enPCrpHP,0
EpUs699lG7A5sQ7o,1
eq1cS5aZz75FSzQK,1
eQ7WyxsmQpo4CdKZ,1
eQazwdJunp4PXZyD,1
ErJfV1XuRdgWQpV2,1
eRPOcZDc9G61N4L2,1
ersfdMtvSiwtExgj,0
erxDCsMOfI8an6Cr,1
ERxhHa1eOpu3Ek0x,1
ErYpRuike7cGHAGM,1
ESc3A9MEc3Ppha1O,1
esD59dyQXJ7sGIEy,1
esewTLDDlZvyi1r6,1
esly2oPrUFgB1qqK,1
espcmwG8IOT6OdA2,1
eSRhxAwHcNlQnm9n,1
Et2eVglf62Spu6pG,1
Et4enwwanEEErmGx,1
EtcXDQJQW4Ieg364,1
eTfC9LMDZjT6EOwj,1
EtFoGl5jaS5CjNQn,1
EtL4KfmmmKJNELY1,1
etO9SjIsATbWXSON,1
eToh2M1g5Rq3RAky,1
eTv8CdKVLmRh2kj2,1
etvtcDn1sMstMYjn,1
EuaTmsTOR6grTTzw,1
eUAvNsulz2tQgB41,1
EuKKIumTrvGkwBoK,1
EukSf2luzlo7qdOm,0
eUO6i7vdX04Dul0y,1
ev1aGQXUbC2ENtAM,1
eVB2YY01OqtJSfjp,1
EVkd7o16s6HXA4Kx,1
eVm0gBA1sxjedqNb,1
eVSg6L1wcKwEtmLN,1
eVSUyHl4tluoGA7G,1
eVuJKa78UgRNQaev,1
evwy5uaeBSJsvyAm,1
ew30Q73drOorDelq,1
EWccHMLrjhaXRrLl,1
EWdPGajdFv0sGygc,1
EWeGai6FURKEoDNr,1
EWGe3d14sjatOEXU,1
EWp72srPAoFkkUtd,1
Ewv8X15c5ihdg2AH,1
ewyz6EMwOWt8m8H7,1
eX4lVwlszR6qEktM,1
eXDv33k9Zwc4jUeY,1
ExfBaA8gbBhLHGmR,1
eXK1DOVfTh2W1fNS,1
exn80K3K4vZsDTpi,0
eXNoG4MwSaoqeOTX,1
eXQ126WIfO11Tybf,1
Exu8fvvcNoGL2myV,1
Ey1grrcy2sel002P,1
EybUb63wIK8DOMO0,1
EyeDfnZkL61A0YzS,1
eYg4wBu5JvS3PNNL,1
Eyg6dvvEZpwQCI41,1
eytr2rFSYmBv9tSD,1
EYZ15CojB7DRP5Am,1
Ez3Xkv2WLban71xA,1
EZyecDJ5rXnl9Bz5,1
f0F8jFvdKgubr8m6,1
F0pkuneyRJd1gPNa,1
F0YISW7vaeVF646n,1
f1KMO38IHDuYOxBF,0
f22Wpp7PtN8tdEK9,1
F3DRBfdYuMrCFwp3,1
F3MDSzjOOzqXppBe,1
f3POD4rKi5ELiwZF,1
F3z6BwUshwNuXBMe,1
f5Hkhmme9GOK4Ifv,1
f5Ux6dRqn9Rm9bUR,1
f5wkYiXJH3QRdRSL,1
f6TjL4MMNHOq4T7D,1
f6wEFatw6h7VLEGC,1
f6z1NxWOmJoMpQ9v,1
f7d3POHIG18L8ccP,1
F7ITfRpRqxGHqT1l,1
F7OtVP852fzG5GO4,0
f8E1Set7KF7FRWr1,1
f8ERJOaKwUaDmqf4,1
f9kg2RCjOgYVQcjw,1
fa37Q82jpDQOuCQV,1
fA70gudHR3SiUdkJ,1
fAa5SRL4RCBeXsTD,1
FaeftPZrdqEdfBy4,1
fak6vdcO2hTqJHR2,1
FAnzBf0uabNogspC,1
faPt3h3jgj5gSvaL,1
FAsQd3C22294k175,1
FAvhSbfOivxkd9cC,1
FAwES24hxYMMdqsi,1
fAXLO7mSEXALwc7E,1
FbAT7fbQgRlXJykZ,1
FBayhX6HmofBNUFx,1
Fbr0J4x60KamKHmJ,1
FbrkZRA9vXZ1LgjA,1
fC4TrktAB5etkf3Q,1
fc8OuRrUckuV4NU1,1
Fc9qVCjZfeFFCIik,1
FCCZEZPGp46vXpSc,1
fckCodkWAjeBA1uz,1
FDmMCKWpIXTwY4Eu,0
fdvjX26se0JGwDJt,0
fE9IkxSYHzYERamW,1
feB6bQnjVLjiBeHb,1
fEkORhBtbgj9XoPX,1
FerkPwOgbdNegNAO,0
FETTjDn8Q4YTYLDz,1
FEUg9FPGpyzj5vYN,1
fEzelsnw1trykiAl,1
Ff48I7AIlm8ZjLTv,1
FF5SLM2dTwDNtmym,1
Ff6jV1HxrrueT5sy,0
fF8lWZhfsVFgrjJ1,0
FF8RfufTqF5IBACn,1
FfBdJfv6EvuXh5GF,1
fFgcU5hN2BRBgRpr,1
ffj0z2iEuSuXvHuB,0
FfKXFwe6m3rbZ4fp,1
FFLCdVlOnwmYVudM,0
FG2uGG3LRUDk3FH8,1
fGnBzklROc8vR9Hg,1
Fgx12w4urKmgfdVT,1
fH0oEL0AqLZKwUyZ,1
FHk1Z8cLUuQ2Q0XI,1
fHLFs01SvRdntgwS,1
FHy23LbwTpjVIM0X,1
fIc2Cs8R9pHQGJL6,1
fIH5IdbmFo9UpQa7,1
FIjp0OGyIiUA1QC1,1
fiT24QwAL8T08kqR,1
fjLJHASdoNIDmmUr,1
fjrY5xPRjdC3gEyY,1
Fkkb4V2gjXLKvhmD,0
fKkIb1H3rMOUT9ra,1
fkMKawPSsEtP0ILJ,1
FKrrtzCIL8KynDqQ,1
fKuMnex2gkJkIHMe,0
fLJ48VEj6c2PRKJp,1
flptRLDjh0luE0tj,1
flutnhgtyAkK2PA0,1
fLZsnkUnnWiZonh5,1
fM3ALz50hNfLoH0s,1
Fm5nHRUlzcEOHqIK,1
FMBVd9IsOGE8KfyT,1
fmCbmQhNVFZKXavO,1
FMdHWOIpSf1k6FBm,1
FMdpKouw3IgkppYo,1
FmGeeKbDm8HVg7I2,1
fmPws2kUsTavH0he,1
fmY3r3R40epFHIWZ,1
fMzGHJUau6z0Jhs3,1
Fn0Am0QTD34ogCqH,1
fN5pAYuw05xG055m,1
FN6OxJurs8kTKtJd,1
fNgxh3I8bzYWq9s8,1
fNLzvy38vszRcu7f,1
fNMdCpJ64AdS0frN,1
fNRdGTv0Hry0kyDE,1
FOAN3RYXOvfjq36Y,1
FoC3PFYccImQDUUn,1
fODHQwMcSSaa7T2j,1
FoPqx2QWyLPUlLvR,1
FOWON2KHF1CtzfeB,1
FoZPWrYuu4bS0ZAt,1
FPl17lSUk2o78y7W,1
FPLsXEgyPaT080EG,1
FQcDweKplg5K87IG,1
fQJN3C2QVYymoi8O,1
fQL8AeCd22ia1vSl,1
fRatoFaf8z7yHURK,1
FrjPExSLjOvAH6P5,1
FRMY4foV9YRjrEO1,1
frPEMGOpVAofh91J,0
frPhKtxqRqyNIuc5,1
fS0ye0kv39LodHKA,1
fs7hzhyfXV9hJRN3,1
fSOqjCjXHCkpkSwE,1
fSt4DkL4ginnbCNV,1
Fsx5b5AQBEykXFHN,1
FSyZ0eIGSw3Amty2,1
FTlrqoiyZt5BC907,1
fTopomIwuDslAnrA,1
FTvir1Tz5zBCcju0,1
FtYyQbChDzSpJgB1,1
fU6xLhgKuqzS7MGr,1
FuEDqiOCwyCKAkxp,1
FUiPlQ4JWunvpiRn,1
FUKXrlfANlBsDp6k,1
fuMojGwLa2sTFrXI,1
Fuwg35xtOaHsMNux,1
FuzwpLHeYVNu4ARU,1
fVDX1rZVRsAmR8TR,1
fVgW245KYXpWwnwv,1
fVMHmOzJie1fHcto,1
fvQHsLhGo51VcMXD,1
FvwcK667W2cgnUJq,1
fWaBYYGQEV9uPsyn,1
fwJcEnTEYuRN5Am5,1
FWjYA1Rc0tDMNlxm,1
FWlKa9iXZsQdScwf,1
fwMQIT6mD3VWRWr8,1
FxFUN0IUhxY48fTw,0
FXlrIyljpXKcEJ9T,1
FXSgyQRQVGBIVKab,1
fxZTnk66akzztERu,1
FyAX9jXbjQao8K8r,1
FYCsaOVIp9PqWbSi,1
FyGcOGIrYgyARYoD,1
FyH1GFUnaJVbLVUF,1
FyNoGR4KuW3sj00z,0
FyszVxuIMj3yuLVf,1
fyvUaqnpqYfnl9LM,1
FyZSC775QoUlKTg7,1
fZkwkHkHMRA4IoCH,1
fzQMp2W83uNbRIGu,1
FzRBs7JGvACw0EnI,1
fzStrewo5mVDVZUW,1
FZT7zeK4RYZMmq6i,1
FZU4LtVaTUGWhKez,1
fzYhmPyPTdnOlkNY,1
g03hGmuputcZWzPF,1
G0B2s4MaEhO57IEU,1
g0dl4K6C4qiSlqfc,1
g0eANg97NL0snrL7,1
g0PfIkaUSDmmJt0J,1
G1oueSuD4XXr3KwX,1
g1Qm81dpuhx7dnXO,1
G27Gsp5CoJWzJwsi,1
G2CbUdN2ODV7yJH4,1
G2F8CT7XmPWNqC64,0
g2FaY55qHRvx5KIE,1
g2IwEB1SkI4kQnGh,1
g2lOAChL56FZwczE,1
g3lnzJpu6v3gT65r,1
G4f6CdcYVr8p8whl,1
G4pQcJBNX9mxVKa1,1
G4ZOrtrJIvmKrVzQ,1
g5ke3OJJZoR8M7oq,1
G5og1mjEuIq8vocy,1
G5sDibs7hkwxGDFb,1
G5TmzQIM5P75Xt4P,1
g65G4wspdbJcG3DX,1
g6sMnNooee5EP9rO,1
G6XrfWwhBfoZ5EKO,1
G72q1rpVebWdHwmP,1
G7ggp398Xk2Ec3Nt,1
g7nnQqmTQQ9fAZ8N,1
g7tY7q15gw79BCAM,0
G8lFNYj47IDBsqR2,1
G8r8eaUb9SjjHOMt,1
g9MgW1B1PXSXyrbm,1
G9qloFRPhwo4VrxU,1
G9SWvU7AWqzf3uNk,1
g9UjeW4bD6ydIk8H,1
GA6dMwh9pA9EU1ez,1
gACTb9HWx9qb7pgD,1
GAyPbdlPhQLugizr,1
gB1k7syTJae5Qa2S,1
GbcZXP9ppRYQ2hlK,1
gbNEoybR0VgQcLOw,1
gBuHjg0oPxfPUBhl,1
GBXfSLZfTvsw53sD,0
gC8jQcdglQ0Er38R,1
GceyDiVMA46idvSV,1
gcF1XZPHUnqGw4R4,1
gchO22ohucuvramT,1
GCjH62pHbgigRjkf,1
gclQHFPvb1wfmLh2,1
GCm1nc2K7rW7qW8a,1
Gcxw0KBpnPTm7HCT,0
gd5wsu7q45th2Qmn,1
GD7qPZ0qFTCAn9Ci,1
gDbfdoeTakMnHUgX,1
GDcPgjOukN3kgaJq,1
GdMMGlssBl3DQb12,1
gdZeCQF6WzDYb6S5,1
GDznfELJ1x2SAtUV,1
gE1lWXHI6wPqtxWb,1
ge3LSsfCW16w5EJm,0
geA1SecPJVHTZgFE,1
gf8z5N3Nk5BD5iTf,1
gfc1IimpLAGi3vrL,1
GFNbv7jMn3TgZu7q,1
GfuIL3HMXEDyor4c,1
GFW4jxhKuT2Bv2U8,0
GG6v6uBkaQblxbwi,1
ggDb66ipUQw8CBtg,1
GghH92TR3ZlC5p9n,1
ggQ2dCnhMRm97Daq,1
gGqXHGasl9GQO8Z6,1
GgVGFwqFKnQH3eIO,1
gHJGvuCvACHDGlqj,1
GhO4l6VBMCw4Cdpd,1
Ghq60C3Xc7aetMTN,1
ghyWoP84RVySyMZF,1
gIGNLvbSKxQGMDnA,1
gikBHY5zc3dnAJt0,1
GiQUUOOshVtXggSr,1
gjBrYcIWyIWMJBUC,1
GjdivQ0vrS6Qfujy,1
GjDmwllCwqWvBXQq,1
gjHRTc8KyQERTCW8,1
GJjnyNTuR1cAkvRH,1
GjtcOuPTlnpllfZj,1
gjv10XN0mHQT7H5o,0
Gjx2aO4266q1RxjV,1
GkbDYUhd3J4YGMok,1
gKkVzDp58uxAgKQz,1
GKp5hMzJDOnUNKWo,1
GKUtGDqshVUwEfR6,1
Gl13MTRZmqy8Uoqc,1
glKSCguhd1mHcQgJ,1
GLoIC1RefF5KKirN,1
gM0qoIz2pp5PRUJ3,1
GmENkOjXP6OlQI6B,1
GMgy6aFiweIR7wu0,1
GMw8s5ox6TpcRXtk,1
GNdo0aAfcQGYxAtD,1
GnPmwvJP87biiz4k,1
gntEysSAZSEPAPCc,1
gnyHU0BJATQLFZ44,0
GO2bTMrpkiOWqFJt,1
GOBnfL1OkalVoLaZ,1
GOFrI3MdfNKgeVhS,1
GOS6SIKwqNeakFjH,0
goslKWQBRdURO4Bi,1
GP18QLfWdZ6r1Qc4,0
Gp4L91CtKaTDxRT5,1
Gp5VTLNtmu2IeLgU,1
GPajj6UvlvZITH0V,1
GPeBzCOyb119vWiC,0
gpsJMU6M795kCYkN,1
gpvukMSRWWKuZYFl,0
GPzcBGZCOah04Oha,1
gpZKy5qLRS7DHdQb,0
gQ533uf26epnsjY9,1
gqjMrX2IyPIaPpGj,1
GQMyrN2iZj88mEV1,1
GQtt4RcpiyOqzJMz,1
GqYGEQfXtnpc8ZT9,1
grGzCCvxy8Ze2kQi,0
grjo0tnjz2aM6zXv,0
gRpBIrDVAufodCEO,1
grqT9yLCQAd9Bnes,1
GRuFFiyTbhkMNoxl,1
GrxSxJ9Qp5gHW5uj,1
GSJ7K17J2Go3E4cg,1
gsjJlpEte1GHQ82e,1
GsKqlkv1ziqD5nnT,1
gT9LAHIedZpxfJa6,1
gtiBIVLBJaP1HLqC,1
gTko2AzKvnePoTQ9,1
GTO0LKtRe4tKfR4X,1
GTw1RRT2eMrs3wZB,1
GtwmWyV1Bq3Nu3pn,1
gTWsIUo0WVxgJXWJ,1
gu3Yv0mw1lYqUhZB,1
guISg9QhHylbVPwl,1
GUzLsMgcESMusX8R,1
gVKDGjpuZIfb1rXs,1
GW5eAIbuuGNZ6r0q,1
Gw63jewewVFlKAEr,1
gwdip0ePij1tmQml,1
GWvTJVd4qakWLNYo,1
gX23mnuOtX6G46Ds,1
GxHxQjgWtKMIV7mB,1
GxSyWYXtUq4TnO7N,1
GxtKKCk7bJm0lCrc,1
gxXPCEyO88thF72j,1
gYFxlxKgoE1HOqew,1
gYgoUsEHdviDEAzJ,1
GYL5NYgVYgpKyfVq,1
GzCISD5oe4dSqub5,1
GZd2JA2ljDEhh3LR,0
GzoCHto0SykbMfK8,1
H0DennLIuGis9eqO,1
H0HnlbEtlo8fNrBl,1
H1epsIt4H8VkAsES,1
H1Jz866WzDLqgaqZ,0
H3kXW8FETyAkFEoD,1
H4uGMEFpBmSyzwba,1
H4XACKCWj49zqHN5,1
H4YzZyZJjq1ydvjL,1
h5icC0LMsS0lmSOQ,1
h5jvckgpxH7FsQan,1
h5TiWgIgEkBJYfKW,1
h5TpQNR9lcsgXEOS,1
h62TaY4lkPwYMD3K,1
H6jcOgk7alQ1wObY,1
h7adzDHnj3squle9,1
H7cJPBfux8RBrpax,1
h8OrvWKBPPhVZt7V,1
h8uRY6DU5OgKhbQV,1
HAaYFjrM47vdSAw3,1
HAihA1wHKNi192KV,1
hazqOx0Q3jH5Nnnd,1
hb2qOaDPTpOMnt8F,1
HBHjbHU6mwOak5dN,1
hbI1HNl1xfNBNucf,1
HBJqMatyUZGkr1LE,1
HboMlCTka7DG4EEm,1
HBs90aTPcM6W366X,1
HBywuzr4XLzaRWID,1
Hcb5ax4zwxcfSamf,1
HCE5o4xJHplXBqvB,1
hCoWVL8WZxcjITcB,0
He21CxawijLnAuHN,1
HedbMuXJDdOibPbO,1
HEDuvINvMMXb1iW1,0
HEHepVf8ByDbAb4e,0
heizRNjjC2cjoNeF,1
HekHeqgkNZaf39bc,1
heLx1HrRvmsZmfcK,1
HEzePmxO7vGzYOb1,1
Hg9ydrukmSAs3jZE,0
hGDTNe0R0cxlzz0X,0
HGJpvhZpUoPc8brg,1
hH2xvwDgz6Jq3rf1,1
hhAsw1U1q2ZNleQq,1
hhBzSoTY3ZLhmVcO,1
Hhd4ZRj5PFxtUOEF,1
Hhgb4bnmnmGcn3JZ,1
hhT4sh793tdzSRLj,1
hIeI8rpxo8PkYSt3,1
HIp1qXOaW1LyJRxl,0
hisie5NAvFhcyW5v,1
HIt9WiinWe1YyCuu,0
HiZSgX4prn0xzJuv,1
hj1Bv8MZvtGHn5Gg,1
hJMBseMCgU9A1UcM,1
hKBDG3LisSPbhsYy,0
HkgAu0IZ2KXjfxfB,1
hkJbj3DP4pdl0ZIm,1
HKOUeU4EFJOtWF6j,1
HkZSB35uNZ6qVE3o,1
hL6fBaZRvgvCylsj,1
HL6w7EVylf6YSik7,1
Hl78pY2QFVbBs3cx,1
HlaVRCA8aIoItKR3,1
hlmCjXv9dzzEc4Bs,1
HMbs3wlAgietdzBG,1
HmcCOUykdftLG3nI,1
HMrfZGdu1NgLIMs9,1
hMVulfGFW6w6zq4f,1
hn1j1MnxBkmG5zPh,1
hNnhZZ76M8ZRfzee,1
HOj14wEF9hnymQ4g,1
hok2dZjvGx8A0wJO,1
HOpg2Ba7kozSCLw0,1
hP0gxUpSwAPHZSpL,1
hp3289oOlb8nDpyl,1
HpjtWifhIUx0eUID,1
hpoHCvyb9W9gvRKc,1
Hpur4iMC6C20j2YJ,1
HQ4pYnqdUS9jQ5zx,1
HqEU3tdZrvxP7qNF,1
Hqv4PXmQVF5JPIgk,1
HqWL9tSB5Baez6IN,1
HqzkG2hliPpp9Bag,1
HrPuxCxSQY8jcOQ2,1
hRRfLNGeXRFNF4n6,1
HRxDjOkdi1OuGFHb,1
Hs6eBM3w4a0X6isF,1
hSc1PSMw88czrxnm,0
HsLoBCWfOpQS1akJ,1
HsoVbdLfFnZxXRbl,1
Hsvk4Zw4TweE2w9h,0
hSXmMtEmQc5hco8h,1
hTDL9cmy4bTZpIlZ,1
htDvcNu3LfVlPx4M,1
hTrTALD2hT7M5BNT,1
HTTIrSxCe2UxkpKC,1
HvTeQLBiwbM83j8Q,1
hVW9Bc486bEse4SD,0
HwCv0N9NWinSaiQo,1
hwdr2rl7HRQpH8FE,1
HwlCUWbgi1JUa744,0
HwstTk9sgKyXe6M2,1
HWWBh5bi5TxCgMu7,1
HX3YchGqG7kYOFnC,0
hXfK3tm8KDqrZovF,1
hxjmFAkRevTTJ9ue,1
HxvA2iyapFGgdGAb,1
HXvDIFD0eima0C6u,1
Hy2Eq0NEzrZqSkOu,1
hY3RCtVDbL0oclHF,1
hY9ku1R0o4Mhkb9S,1
HyRCHEGRIiadQiBP,1
HYXtpiwJACSIrU5i,1
HZ1LzlSxoxFEpFAQ,1
hZ7gi1FW1c6i1qeB,1
hZ88UR3Zo6CQ0kMN,1
HzfAL3uWeroASH9o,1
hZGUeqvdjxNhiY4x,1
hZhYdoTdF8lOHwJG,1
HzS6h63qyXrTd4ip,1
I02a7FhQSFWeOwmV,1
I0FcM3WUbWwzJ7wn,1
i1iYPc4pJgz2IVjc,1
I3lZ4YFwpW1jtYec,1
I4NJPYEnYwWQWoKd,1
I4XNZZaFWOBy3nOP,1
I4ZxZgx5mQCLynG8,1
i5oEtrP0WCXNBIq9,1
i5sIK3A6xtnExzOd,1
i60EQvKQ6Byejfhm,1
I6TF58MMv6pIDQko,1
i7IHki8E6BeUIM66,1
i7PrgDmppVf7K8ZS,1
i8yCu5jjqS6FUETU,1
I9KCfy4Y2vETXAsh,1
i9pt2A5TIlDDcOND,1
I9WDPBjyIMJZEnKB,1
ia8El2fb7WyhPDz6,1
IAG3odOVos8ZSlZf,1
iaTJF7P1HdPvAXCZ,1
ibN47PoW5mh7Ip1Y,1
IBO4RztZRtb4UPPo,1
iBvCmOddni8ySQ2E,0
Ic0ScPCu7r7b0KaK,1
Ic5MyrCXiDqOaxNo,1
Icehx0neWaRiMiL9,1
ICgjvBUaudKqs7T8,0
ICgtCMUXksGcVpuI,1
icSh6zN02wRfPKHX,1
iCxydlaxJxfRySer,1
iDbUTtilcmElheab,0
Idk7silCZ0CVYkrN,0
IdsrRAiB9b7klL2j,1
idxuwq8sq2Upj7B6,1
ieD5kgKuZWgIvg3n,1
if26n61GWGIBrGes,1
IG0NSAu0keoeRUYV,0
iGt92iB9J5fnLwzr,1
iGvylXgRwz0MZuU8,1
IHDAYUdz2N3OLl4Z,1
IHgLbQ9SfrOaYWLf,1
ihNiQRYgAkZo7tPt,0
IhoP0u8BVfUZRzbS,1
ihs4W76P80pLf0eB,1
ihZHDyIGolaVpn6V,1
IiBnHR4CKHxhxTEs,1
IInIofwgy8lJ577s,1
IIv86iNv1fBCbhbu,1
Ij48UnPViXf7Hhx1,1
iJIfZfbZ3VBYDtrJ,1
IJzbsRLCuN9bjJg5,0
IK6TAvzMLeB8UkRF,1
ik7n9gcBqiQ8C2Bf,1
IKE1YD1fEw1bFvVz,1
iKek4P8ncAeQviA3,1
ikfB3WiyqJElw2fo,1
ikNzLkDPzAL0QlKX,1
ikoZwu0jYuBy2nmp,0
IkZTwiKPp0HiiobQ,0
IL6oWYix9viP2W5j,0
iL70d9cenkEPHA8V,1
ilGq5Qiw3LZPHMkr,1
IlINMKoXaySp0WlP,1
ilLYOwLAVX8Q6vnZ,1
IM92OKScsocUOBUP,1
IMcJbmA7LJW0TUvd,1
iMgOfsnKjju7g0oH,1
iNBXym1WEgAcHRLS,1
iNdOwhDqpVxkWEls,1
ini7ezxt2EblxWzf,1
inXBWHix99pk0Ct8,1
Inyi8wS37Kil5ecA,1
IoaPeHIdV9wEU98s,1
IoBc2bwrYEq8j1Uh,1
iodu7M9ItPL8t0Wz,1
IosxrSpUiepd6FXp,1
ipjKebuBYXtSgzLf,1
IQ2JXzjTcEP4jety,1
IQchsJIA0ghe0pXy,1
IQGiBeg0MDOghel8,1
IQqlJFYzvT05c0cD,1
IQXab2CVVHO0QRpm,1
IqxGLiOCz8d4b0vN,1
iQxytEVUGiARH1KQ,1
iR1CcHfnPqbAccgS,1
iRnyHFhSY3BLfsMM,1
iRpYa5qlhG3FfUra,1
iSFxJ4gRol1PlcVU,0
isgikrckohM2qyk7,1
ish9WwfZ2FbS964j,1
iSl1M8icyStl6ZI3,1
iTcu8RWo5M6IuFEx,1
itkfXQy7Jy3WIOpz,1
ITT6vD7TY2hensIC,1
iuD84sJRIHLfGBa9,1
IuisdAfmzxXYPQj9,1
iUngGLLBiuWLp69V,1
iuPQ5eY75ZT3TrCc,1
iuvVsLRQHzjf9N37,1
iV23azx6tjxaVKKI,0
iv7D4TZmVDQpksVa,1
IVG0s0wZYckjsM0d,1
IVrG0es4MFXzYbm3,1
ivuTBZJY9rUHOXV8,0
iW0bvtv7nVLXzNNo,1
IWb3J3o2ehqpVWsT,1
iWGr3Ax1pI6TSeCE,1
iwxeBecj9Egc6o7T,1
iwXF9KUeUINHwxrj,1
iXJQAkySRnJIDUNq,1
ixkmvwWTtlykbZPB,1
iXmkzpsUELhfa8YP,1
Ixqk9oRnHQmvHDCQ,1
iXrQwYPi85N8qBms,1
Iy2wsNKs6NNj2RWA,1
iYWa6RO7WDH5XmAG,1
iyZ7N4873tlmcsd6,1
izBHGX2gXVPHMSgp,1
iZFEeIIRGY3lAA8J,1
IZqVOg0CyBquojhK,1
iZRm3Dmua7BFuTpF,1
IzUbZeAxaA6v1myb,1
j0gJcNxdpnyXWWVD,1
J0JHtztqOA61cV2g,1
j1ZUkKGErWKxm9Gp,1
J2IktOG8YNRlEGeK,1
J2ITOfB53oyz83Kd,1
J2VfHWK9WPZutA1E,1
j3bgtEbxTsGDmPZp,1
j3QmumhHN2XHi0ti,1
j3XQ6MedpnvxwA49,1
j4pibqN2U9LjIWRv,0
J5vFPcqpCnh77iw6,1
J67SsaDfi3wtJiDO,1
j6RPQS50zh41qTsU,1
J7CqNO3ilMCBe78d,1
j7ctCOO2xlmIh2Ud,1
J7KGItkRJXPvd0vu,1
J7naMc8qE4AVgKbf,1
j8I7wF92YZt4gTGs,1
j9QOCTl9R3r3BX0k,0
JA7ZWvNGRJZyt9yI,0
JA9PHkaRWynnhCEd,1
jaKAlKMK9LVX5moe,1
JaKGyl1YyRDpvNaL,1
jAkxYGctwEtCTgLz,1
JApdEQD2ZAJ8lLCz,0
JAQCfMAiKrbPUKWX,1
javVtUoVkFEJc3Ib,1
jAzZxiwOIHJciX4h,1
JBBr5ZkanSGb2wnZ,1
JBW5sicvliN0vjH5,1
JCdFy3U6PeVC5aAK,1
JckUMAOflv9A6jDU,0
jcvmS33DpoiScgkm,1
JCxvKUUPI5kel8Sy,1
JczfEObXO1zp32Gi,1
Jd35qrkm4RtKo5Si,1
JDr2YB1LKT6iaKZo,1
Je8BZsXCueJ91HVa,1
jEhK0W8eGf1BFNSH,1
jEiD297qhtd1I7IJ,1
jEmQVEq3Knhk0Ah4,1
JeSIypqLAaRg6Cmq,1
Jev5aILkbWgAhx9t,1
JEy4icY54pXXOy0U,1
jF2ajA9NbBw7abE3,1
jFh8W1lrA0nxU5Dd,0
jFhE2zgkmhqlj1cl,1
JfK7129l53iAEEyl,1
jFPzTo9aCDLFjIwq,1
jfR6OJW4EQ4PMhld,1
JG6EYuPwqaZp26qL,1
jg9NwtVnUXGfsZ7F,1
jGJQahM27nDaPKzj,1
jgO9szxnXYliLcHw,1
jgoo1l826H42ib9V,1
JHeAtGuCIKY05o4C,1
jhKp7eROJ9eNKZ7D,1
JHL4yh6lzz98k3ix,1
Jhte5Q4Zv2XoZNpT,1
Jhve3IMHXHasbxyu,1
jHy4ycwCWzk8MPh4,1
jI9sTGz0oH1uHiHu,0
jIfS0WLsXxSonf9B,0
jILwFCXiSzIgKAg8,1
Jj9o3beXOxnB2YUA,1
JjG3vHakckbbBmrB,1
JJHRSbFQwWXQZRCH,1
jjIXZxIXTdxRzwyt,1
JJujWBfwbInE8oJ2,1
jJxt1p0LzHQVJjoe,1
JkwChNX2wFiAaID4,1
jl8Ni6qTwJLRnfvB,1
JliIq0nMI1ojgmA9,1
JLN3FPD0OAKaoxGJ,1
JlPFKLfYLrOxRvXY,1
jlv04hgiKRzXDGYR,1
jLXWNzZTEo3VGgg3,1
jlysEvJetHM29Gld,1
JMCcwk9fnzSwdT8U,0
jmGYSZqxFxzt4kqu,1
JmjBFNzuz4XMcGJ2,1
JmXbMSBhAMIMkFiG,1
JMyX2spuGgMv7HZN,1
Jn2swG7UWwjeBSj1,0
jN8qsdhxddpAqWnL,1
jnIe8cxOESvbmzJD,1
jopB0paDEHctTxzj,1
jopWSAsbL684ofi8,1
jpEfvrXYfJHNc9DC,1
JPlHR3H8Dz7bxb5Q,1
JPPDMxFDizCEBX7I,0
jppvCwfJveWxtBBY,1
JPRdfQ5fCj0DaKUg,1
JpuOLl64xs9QToPn,1
jPxtaKab92Ly4hSj,1
jqvJnMvcKGSMzHlB,1
Jqyr2G4Lv1MRg9ll,1
JqZVXXkod5C3WAno,0
JS4oTjQVt9ix1TfP,1
JSw6UAts7YQ9xNp0,1
jTbxWUHxGKDwCide,1
jtmZHX0YXBaV6wBH,1
jTvCq11cN2hg2tm5,0
jtxI6zcQP27l1KP5,1
jUhcSJvLqC3mJxcR,1
JUil3FF5VY26LkWs,1
juKZg4xXGCc37khF,1
juUnX9uXnCQQw6zG,1
jv6kECgwv7Ws0PHm,1
JvHnPYcErTSJfyIq,1
JvmXhpRCASiDVlzB,1
JW34j2ts7SlAPqKd,1
jwoXLEzLXtJqPsGX,1
JWpDegxEz8rMY0ac,1
jxa4QL5f9gNF39mG,1
jxgFKaRekgnAONxj,1
JxhwjaqdLgWuWmga,1
jXLFlNlych4ABH1l,1
JXYOP5j2h9Mj4yZE,1
JyGZv991Ykhjndhq,1
JYORhB07gO8bCiXn,1
jYpPlm3UVpM5FNWY,1
jzAUHDmUXZ8Lybmi,1
jzfFzib0ZqUMygfd,1
JzIRwd87KfLyWxx4,1
jzlpRH31oRhT67wv,1
jZSa5j3GIHfe7xEJ,0
jZu49hTgJxuDgwYO,1
jZUrDrqFkoILXicg,1
jzVHupPBy2UfomRf,1
k0BRibw7uGTsKMbF,0
K0QMvjVApdn49GHi,1
K1nxNOZV5Tvi3P0v,1
K1QzCMeEU7S0VhaW,1
k2lii7GH6dz6o2wG,1
k3ch7EqhIpxn7GyH,1
k3DiRvf7vCEslkCI,1
k3GYNVcFkc2lomDu,0
k42l8e1H6xU5tEnI,1
K4FnoCRL3YNJD2Pb,1
K4KIDClkS1TJ4wcA,0
K4u55U1vlcOm9L8q,1
K5ER0Bzow8Jpm39Y,0
k5xxVxStXS1N1Es0,1
k5YVE1WRERgym0H6,1
K6dZKddtfU8ZvmrS,1
k6E8jYNKd9ynK9mP,1
K7DajBPGxnxKMfwE,1
K7wwuNhwYrH8HgQZ,1
KADdfkFVaKjgb6NI,1
kajFfAPItoaFdSvt,1
kAKfLnrxMjI47lq6,1
KB3RiujKFV9Z8S2e,1
KBs2bvUYGBue9dmw,1
kcBrHWKe1YIlxRV3,1
kcJHADqEuHIG5MWe,1
KCpxnu0uhzDVxLaT,1
kCQpffq6eEQ7YGNe,1
Kdeo5LXRyW3Tq5qh,1
KdfxJUrsN0H9L5Oj,1
kDiOxre02h7B0y9w,1
kdlnYbLEsd2I5vdv,1
kDnafuvGEX8hflH7,0
KdsW4HIdx5th1wDq,1
kdYp7Bhxletj6hXo,1
KE7V8gGrmBMIYGTl,0
KE7yCONDIanFerYF,1
KeeZ6c4AbX3APoA4,1
kef743s8T7A7Jr8r,1
keIrh6CH6VnHCHcs,1
KeNzFnY0ky81vRXe,1
Kf0kFvlLkOzbClcJ,1
KfgRy9o8Q5VOIQnd,1
kfPevMI0HOzxIdW5,1
KfvJsMY5TkC28qYs,1
KGGpHeHWKsOdPQlz,1
KgMLZ43cfC8aPyOs,1
KgX8MiA6Jr1fuXim,1
KH0G6OjehH14o75s,1
KH1T1LsEceGZvbd5,0
Kh7KNjxy6s2cwwHt,1
KHjYVIzXtPdcbOfK,1
KHogVGSkNJjJwLI1,1
KhXgS6id5ReAS47x,1
KHY1oicuhEWUSAY9,1
kia4sfTPLmWSuSKi,1
kIMNVpWPiVcZ7UVw,1
KIokQ3rbnhO2cRfH,1
KjOEEuu6n4sd3a7L,1
KJvdbfOmnHEzX3GU,0
kjy8edWE43imsSAB,1
KjZxNv6lmgt8XsQC,1
kKEXdOGIPqQwVM5Y,1
kkMx4so2bQxTxzVY,1
KkxdOcuXZArW3XxA,1
Kl0PYoKXy2zEi3Km,1
kL0SsRBi7mFvrWtb,1
Kl2O8OVbQPghnKzC,1
KLAEiYtPvkTiZa3T,1
kM45nulSJeM9sEjS,1
kM8g8KG0Fd0TXIzq,1
kmdLzo57QroG3CBs,1
KMh3ZvpYivmvJ61W,1
KmMUXaKePrQV9Fhn,1
kmNiauh7gVD3dUBS,1
kMWzpEuGymQ9Gkgx,1
kmZIt8FmvCGrbOBN,1
KN9DbdZ0ooy3PdwY,1
knMNGezzCDMWvslv,1
kNZV1traJoM0XUFK,1
kozqIEW1eIrkVNnt,1
kp2nKOlEyumBXNyY,1
KP63sm5vF0mJWK0o,1
KPMR6kagdS7dwsdO,1
KPYmrIVuiXNnhyIs,1
kq5QQvdaRG45RpMc,1
KQDOQRG7niwLGSYF,1
KQu1bz4tEBl1oa5k,1
Krpib27gCr3u5RHN,1
KrTftZgIJXNWW4eR,1
KRXRd1xYPDl62AT0,1
kSlEvC3tev6LZPWY,1
ksn2uRxMRo2vOyDG,1
KSnBtl3tY7AXwyJO,0
kSOCQWrspITtgifh,1
ksqoHuztVFo66wmF,1
ksRAgrvuXyaLBNyy,1
kT8JPX4iTWwVsiMU,1
kTlMdFBTYxlcVx8x,1
KtSIIUPMTZO7gfQy,1
Ku9DuhEU6rQkoO5s,1
kUJDBjhhXuOW8Ac3,1
KuMQP6cRQy2oF86F,1
kUnf8Ph3OeedMXSp,0
kUSwaMoWIbVcwwdD,1
kvXsC0vtssVkDnLM,1
kW4jla1odglbkNYt,1
kw8YDOnG4GKItNdO,1
KwDOUMpczrpx3XSx,1
KWkObRHQKMkwd7fH,1
kX4xTGDe3tJb6oFF,1
KX7K9dCNz8HJmnVD,0
Kx95ume5bRK4v9cJ,0
KXBMJB7mZ85i5XYo,1
kxkYx0sVnc2jse3L,1
KxtzKZA2y446FLLx,1
KxYW88APfVDlpRy2,1
KY3ux7n7X4woSDkg,1
kyhnh93bA40KBRlC,1
kyjcChBB5YvrfyRN,1
KyL5y84YoKYvTe75,1
KzsnvLADEyedbIZU,1
kztJyVavk0LOfq1n,1
kZXqlRkaKP14hJ85,1
L0t4HaotqUuFFxxw,1
l0vgpKJcyWgqVXVl,0
L11K41P5lRWZllpu,1
l1Bco1JtgQ9iV7kv,1
l1mJcfIAVZyOWVvc,1
L1n8JWbJLS51WQdi,1
l1ZuXzZ2RTJQSHnA,1
l2BFJDlvyqmZHQpj,1
L2l77RvVJsHjN684,1
l2y9uWGbVDNmYu8a,1
l3cdWr9SpdTnEiZe,1
L3j1ff2xMPrKVUdQ,1
l4htPIxfUgEOUIwi,1
l5xFbFe7PND5lZMm,1
L6ICQjXZGwo1NPch,1
l7nuvXsNzeJEEiSw,1
l82Dxe56oU3CarrJ,0
L8qNXO7L972SQ3TZ,1
la6rihRkS6J45Toh,1
laCJqCkjpfoQNnVR,1
lAcy6h46D0Sa9pJu,1
lBIFJOFT9cFcwgXW,1
LbiJYVmylIHyH6nI,1
lbmLkQ04GgJxQs7h,0
lbSCp13F1ssfvDNm,1
lBWkdq9hXdp0R4VJ,1
lCaKerN8G6jTxHkA,1
LCINtGoGLhCZ76pZ,0
LCkkqxwlROjpIGJv,1
lCsDYwewODHIeGgn,1
lCu4wQ5C6iMQsDtQ,1
LD0Im2WQuDdb1ESo,1
lD2yioPRDLsarHf8,1
lDiWPtVyVmrTaH9l,1
LdlzPHOhmhMUZZM3,1
lDqAmWGx2RbQaPdf,1
lefGKokImcIpXz7c,1
lfhdSbkjkYV8WA1I,1
LfivlfB6QGPm8OBn,1
Lfq7CFeTtbU9L5Vs,1
lFUEZdlf6vzYkgwf,1
LFzGesDwLhSoDCHz,1
Lh6JqfO7abN8tEYB,1
LhE0ey3sSEfHHCmg,0
LHjFErewGJNFPru6,0
lhqoJeWIeN62Zef8,1
LHqWGmnvrIv73A8N,1
Li9O6XiQNceayDFw,1
lIAVD7VV32tMVHXu,1
LIF17Q3UzN4Vb2US,1
LiF6wABcjxnzk2eD,1
liFWmt0cDhqIrSAN,1
LiHwlethiacqWXsH,1
lIJO1wT23oi5fZmW,1
lIQ6wGsuRIVfTHjP,1
lIWWOdc5sSOhapVe,1
ljcYCupDCNL3M9X5,1
lk8cb5RZNsvVxCdo,1
lkfbncoipHqVE1Gf,1
lkFV3vbWGPTwIUQz,1
LKG3swSUaX6f0a5K,0
LkPbBx5jpJ6qgEWX,1
lM9sSGOA4GjpcZca,1
LMmOR9KqcXAnK1VN,1
LMOUo3pglkPArTkG,0
LMRZ98m7ZPdMjZ0W,1
lMxsl5k3gFHlOGrh,1
ln5Vb5ODryOrRtaf,1
lNa7NRtc7ps5vG8z,0
lNMm5XDrQHr9xAeM,1
LNoAz47UyAaYXCRE,1
LnQt9WR3Qu72Qsrm,1
lnSkXd4uVIWXbOay,1
LoGRJPssk3BmsBnF,1
LoHdPuXAPAyDhBgD,1
LOqgjjGYxtKfmYh3,1
LOWo0J4YAM6iM9kh,1
lPNhPeR0kuesuv5Z,0
Lpup4EQ2HvKDlVNH,1
lpX9n2YaFO4sFFwk,1
Lq8bYU0JxCdyyziv,0
lqC9TJRigEVZkVVu,1
lqUy3mbBymaMj92E,1
Lrq2rSo4pngNdBsv,1
Ls4qeRA2darEEmSn,1
lsQnqjSwy0nBxIJT,1
lst3zgFR0oNbAKhl,1
lTAF36HJhQQL4fwC,1
ltmuiFfw3aEUp0UO,0
lTNOpbLen2sc9QlM,1
LudfWMaozCpabNvh,1
LuI9ZCRCMyg6nrbz,1
LUpOGQuF77Rqknrk,1
lwbzRsyILHMJHvct,1
LWkgBg54HE4Jvtt3,1
LwpqIgU0QGNelDiW,1
LwrxtqkvzD1kds1o,1
LxAXPoxt6mQfqQhG,1
lXI38XIGDyqB6q0Q,1
LY08adktLBc6j0NG,0
LY6iZJzRQcT8cgZa,1
lybTHh0GJvWazAv2,1
lykCxiZhsTQpohDj,1
LYltdOTdWoh4psev,1
LZeizGKWA9aT0CqP,1
LZLZNQaVpoVHmZFw,1
lZoYQ5gMB6yEgQjb,1
lzuh7H6BINzv5DIo,1
M0m3hXPRVulgonUa,1
M1AqJsBYJ80uX5Kp,1
M1Sz3ZymSnC12br5,1
M3mCrTmoBWg6HGbC,1
m3UJtaGLjzFiud09,0
m4Nae5oUob2wWRk5,1
M56DnPassFuIuA8R,1
m5e5ktdfxZklhyss,1
m5p9nNc34iWbe3C4,1
m5YszsCtnNAkSMPB,1
M65uJvvH3ORpkrHq,1
m6qKokVhfF5lNJu5,1
m796bw7z1P6M1bsr,1
M7O6hxngL84Drhbb,0
M86455Vyg2X4gOm1,1
M9cO7WpTDtPfLPrN,1
M9Ld1xHJ5ktNbuez,1
m9zczvoeyEHcdGfD,1
MacRJMrzGtOowvvY,1
MAG4QtcTRq9fxsD8,1
MAL2PRAs1ZrrKJfV,1
mALqnk9rzYy8fqHJ,1
MapJNilhqeKmAycm,1
mas9vfcHZimUNeXS,1
matJgBGN2uICrI7v,1
MboVSxw06hlMH0QG,1
mc2PEu4jFM9RVm9x,1
mccWyBFqhpN4gn1P,1
McIyPjxxm5fQ0YWN,1
MCkZ9pylsZgHmubU,1
mCU1Wvkx3XzUOjSh,1
MD1FC5nWPNa2qyN1,1
MDIRxLCWbaygKNst,1
MdTylDBKMhjaXdeX,1
MDVU27ZnW2ZyTtB7,1
MeFPnZhBiCNh8zk0,1
mEOUEQ7dd3Kj1iio,1
mFt4whkvWKBA5ocw,0
MfVDJolEuVl3uaXP,1
MfyTpihX1KrVsmXx,1
MfZXhM7YWfgLGvGN,1
mG4VR34J2iSsImv4,1
MgESMCF0gYwHoS3a,1
mHiMxA69I8ynEatp,1
MHisIYtgTrtwBAAu,1
MHP69cQAWKa21jGc,1
mhwsJHLXCOLh9upn,1
MHZkjjryqRBJQ4FO,1
mI8rGs5LB5YYv9C1,1
mIiJZnusbCuFX1Hr,1
MIJMYo0tFR0u0IRB,1
miLkVj0Hf7Hd76bE,1
Mj6FGYRbkkTvzr9a,0
MJ9IxGeMZbA5MfjJ,1
MJJrR59Q5H40vMDP,1
MJkNt8Tj1l5HhIzV,1
MKNpufMcQtMq8aGJ,1
MktJvQHWKXu6gy8a,1
MkYR7M12IMRd60MU,1
mLENh9eYJvP3MWIO,1
MlNxhONm5ZiRbP3L,1
mLTMtZhMdZBY4E9i,1
mM9USLTrgYNYsFba,0
MMU0RXGHSZ3gZZS4,1
MMUVsLTebg5QwiFm,1
MmwvZtHxcPD0ONSU,1
Mn6t5j9WK1NI4r32,1
mNa1Juu0mfDXwt8K,1
mNjD5p2u3UxhdIyR,1
mnNQx79dJjJr1Fmc,1
MnU2FfhgWGRX8qdI,1
MnvffgOvKr3josPG,0
mO2VwU2AvKtZfB9w,1
mo8lZKu3pFyZgm1T,0
MOIEzm2LQ72i5LyC,1
MoJdw3aGaHaPLNuG,1
mpJ9ZzKlwRvK8Lv8,0
MpN0pfRurH4yL9pN,0
MPr8N259HiGshArq,1
MprAPfE7jeUHLFeR,1
MprNEkusVPhFkDsA,1
mPwNUzhDqGNMtZM1,1
Mq2qkA3BJJHXnslq,1
mqBjbRMqVlnbw19e,1
MqpjGQ3AWWir7duc,1
MQyz5CAhY0fox9Kx,1
MrBCKQtnBITaC4Ef,1
mRBw67BljSwa67PQ,1
mRcY7whW09OuSBn0,1
msFMs72RFFBSz9r1,1
msG5yufGiya55f8h,1
MSJSjXIYK5JKprjG,1
msXI0pvTjaBdyy4x,1
Mt8aKqqiz03uIrDH,1
MtJWYe9dwP7DxgZD,1
MU0T4wF1HtWjxRZv,1
mUFXuXfCfCzHN5H0,1
MUJ1fhRavsvPjjI8,1
MuQ3ur6mALmUCAqb,1
muwUgFgPeqll3WiK,1
mvgwyVZHuhtZtyg2,1
MvhyFXswgsGCCHrY,1
MvnMCGylEvAG7Erm,1
MvwB9snODmgM4eRS,1
mwUaI5dKNJR4eh0m,1
mx6I2SRsWjC6TvBK,1
mX6v4Wid0V7g7SLg,1
MXa2cSz4Vyjdcoit,1
mXm88DDq2rSwayo8,0
mxt097AtszNkNlLQ,1
mXTvdvzKRLWlWhnR,1
mYAPt2OBgpI5IeFh,1
mydoXl7WOk1WDfzc,1
MYeuKRv2RBlJIcQ9,1
mYi0PEyes7BHiYMj,1
Myn7WsfSKXCnU9Qv,1
MYnCG12Diw2qwxv2,1
MYV6hkV5vshW6x3o,1
mzmWDkOI43VtPbHz,0
mzWogB4gqhS9rGzl,1
MZzCT8bBLsoD70nP,1
N06hmTzKq6Sh7PD9,1
n09ju77sYGiG5L1h,1
n0gXlRQxMVAWpa06,1
n31cNfrr6lId1I4U,1
N3q57B2XgTzO44kN,1
N3tFqUfGLPDBKl4a,1
n3xBq43wbt4y0ahF,1
n4f1JBSGz01IkFIC,1
N4jxoqRBbukTkSZJ,1
N4Z2ul9HMEcf04NM,1
n7bs7FpwfYpBGVk8,1
n7ell62lmHKqyWwS,1
n86L0j6k0vNxVAGM,1
n8AQSafWzyK5zZgb,1
nAc3JaSwzcZYWkfg,1
NalxxcpwAf7DhZkc,1
NAonAS0zLYA3RCiX,1
nbTF6FhEIy83MjlB,1
NBtyg692qOp1IzrP,1
nC1zsNlDvrzpicBx,1
nCwL8b6CKbi1RIOZ,1
ncwxN4Pq8HSi91JI,1
Nd8yN7704RVQ0bTP,1
Nd9hQzbLCnJV9dtO,1
nDvhw3CULa4pJPCJ,1
NdVXrE7tpZZOlHOj,1
neBilHSTXwn01Ol7,1
nEDi3waDA54LI7cB,1
NeIksVQtgYhfH4RW,1
NEkGhfe4DY82BEAu,1
nEosc39z01RG1Lsd,1
neSsIsLQ9XiSE0rC,1
neU1wdZuOlcL1C2H,1
nEZm53TPL7827Vlq,1
Nf14H9TaQr1c94VN,1
nFBgfswJY7q6H6fb,1
nfKpO0l9QdMNUh1P,1
NfwJBKR7qjtN6b2o,1
NgCat3tGiCjtrcbX,1
NgqDHrJzJLGfmRaB,1
nhDV9ZKgfNORutb4,1
NheKPXZrkQ5jgMGy,1
nhiiW0v0W1kktvJ5,1
nHlNPurj4Xn8s2yG,1
nhoPx2H2HxGC3TEb,1
NhSD2Mt0ooBNMPAZ,1
nHVLAYoKRzl6PDpX,1
nhYRYWqfhHklvT2P,1
Ni01JYkQgKcZFpCy,1
NIaPmj544kZWrkjw,1
nIEgtSdYmwgzJXS7,1
NiELrmPJLxfzv1ME,1
NIiFKmsognpKwuXk,1
NjfVw8NJWmssFT5D,1
NJZ7sPqwWDZf9oOD,1
nkDZFBIAZ2h90ryr,1
nkEijinUKblmwQ76,1
Nkej06FHMJFCwATV,1
NKMWGkOsHLmWvDvN,1
NkQc5fshwhjBsLaQ,1
Nkr59dTB4gqF6e8s,1
nKrjab7LO77nKD20,0
NKyoMigiB42dMlEK,1
nkZhVkKsXn8BoREn,1
Nl05SNHwjQGdfSfV,1
nl8U3FkvXSDmQQ5Q,0
NLCYzq7lnWTvRr9j,1
nlDMvlEwEAcVZH9e,1
NlMLrKjReVAnUEQN,1
NM2j49C54eMqqw6m,1
nmcElQ09JUO9zCkw,1
nMLw8tv1UmnRgeS4,1
nN1IBQK1txoHH3W0,1
nnJ5Ys2vMFyZAL5w,1
NNtf9UP6rflbmfpD,1
NnUoEO9aiLv8RIlW,1
nNzweHu7tw7xLKcJ,1
NOE5BZn51aUjzr4C,1
noOJErpccgFF9u6f,1
nOWGFpE7IssaeULh,1
np6TBycLJhPAjEze,1
npM0fpH1UMHNOTtA,0
nPre69ZcDeZWvK7p,1
nQ5pXryyJYm8036y,1
NQaGPuQjxXGx40jt,1
NQCw9YyeaaR9aJFz,1
NQgjDIfAigxJWYmP,1
nqjfif5ckvOCXA56,1
NqkdLJLhyqELwYBU,1
NqnWncFavWyQUk4U,1
NqtSfTGVU3zhM0VR,1
NRgh0Q304ewGmOND,0
nRizD4qJ46z9A4xb,1
NrZVBcwH7E8dV2fo,0
NSF6FsjoH41G1cLG,1
Nskq2u2Xy0zXUb7I,1
Nt7qipUMSyPEzPBZ,1
nttOxPrXLpAATqT7,1
NTZmJVTH6VXALvQg,1
NUNDWlVr6zD4fPQY,1
NUokKLaZi47lSOlr,1
NUrS14XHS4EEnJaw,0
NuS0b2VILSS2d364,1
nuTmCimy53zxyQfA,1
NV77T9EoKZTjAdXm,0
Nvb980OXFhG0FaBr,0
nVbrZ67CMoQPWDm6,1
nviAP5jvkOwdBErR,1
NVikm7F8s0F5MDS8,1
nvMj8HXBeVixSU52,1
NVnVffxXYsVpEyQU,1
nWLiyqo5uXPJG55x,1
nWpNiEQ7IUISBQE2,1
NX7bDroyGQRpmt7D,1
nXajkXU8XAy25rDB,1
NXavynTrFeuwBial,1
nxczcZ4WMxSfPSqM,1
nxelg21A0Ajnq20E,1
NXflwnpVtEl3QGD4,1
NXP0GODBgS5IaV63,0
nxqi5yY3mqshTxda,1
NxTKMfoE3drCLhTt,1
nxTTncpMQW9lXS7j,1
nxYcfZN7RDsw3HDK,1
nYiXJo82e0ieILQ4,1
nYLdvOpemwUP2b9G,1
Nz8YobFgaqQCyk3N,1
nz9Zy6ZzBxi2Q1s4,1
NZb2Ij0EjTW4WyaD,1
NzQBLsBCUnQVtXPK,1
NzS612gGF8ymBSaZ,0
O02su4e0NnB2cUt8,1
O0jogklWlhFQUuhv,1
o0YVHIeukf0AkVuw,0
O1kLJgc75h0qXybH,1
o2UwM7ZkHiJlF51K,1
O3cohdR72FMQ6206,1
O41AJyVFnmsyiA8X,1
o43vPpr14tppTKgL,1
o4GaTnAB6SIyJhFG,1
o4W20ze94wtigubt,1
O690k1uhhcuf7yLo,0
o6IqXmdfnLkl0TKJ,1
O6ytuRbqUWodUmbV,1
O793t9EsvHpg67c0,1
O7Ked7qhHwWLD4g3,0
O7PBWag4OgIgLa3Q,1
o8VMyJs8X67cjl9r,0
o91Ihi2M1uAel62R,0
O9P0yJRVuPHAFHxr,1
o9YIPQshMuzwQ5kJ,1
OA8FBcFChQkygyHR,1
OaI6T1QGdQU9stgO,1
oaisT5DpOFLZwgbg,1
oaw0YYgD5cKq4yii,1
oB63rWUE6fnGkK9h,1
ObFPnHHths8uRs4T,1
ObFWnA9z3pVAyh0R,1
OBOAKd7zOSID4BVc,1
OByiMvSBESsZzbaK,0
oCEkvELvx4S28zA3,1
Ocg9lSjEOiBt9O7v,1
Ocia8rdbARMHwWVQ,1
oczX2sPrWo6NgbYk,1
oD5qdzZql8JBzSTg,1
odEZxAtMUYTF6Z2n,1
ODm9b40GsqP2QAsu,1
ODOoecqWzzrlN0iJ,1
OeHCEckbNySMLkWO,1
OEZBOmFgti53RuU2,1
of8661ZUO8lpfXKt,1
of9CFujHBVh8Fd2N,1
oFafD8zzSdDKRnMe,1
oFcUrM5UR3nmKq1O,1
oFF9LlggL4sAV158,1
OFGE2bDyTpdMQYgV,1
ofgE5cZVrIkcG7yE,1
OfrtTUstcOLoHSVf,1
Ofsix8tsd43qeKs9,1
OFyAclqfPJAYl056,1
oG7F26L2ebWgXuIY,1
oGA7Pv7FHrC9kf1V,0
OgbmELSpa0EHR3tq,1
OgG1cpOX1Ad4goVz,1
ogiosA9yBphuICZT,1
ogljIpva7rHrgtyh,1
oGOFO2YbugkukkZj,1
OGOqJ1elNQWQNeu8,1
ogsCBD7lNOiQ1mcf,1
oGvQ6vHEhLyvCmwW,1
ogXNTNrIhmeKjsgX,1
OhLlWXMFwxf8Lbiv,1
oHQccwkVITSQRVvz,1
OHqHmwNy7PqrE2yn,1
ohSPJIFF37W4ohFI,1
oI3EtbKIgbosGRPs,0
oid8T0O7mQZkS4yv,1
oJ6SXI2jjKozUzxU,1
OJ9peCzxIdBfXtIE,1
oJbzAH9xwG9y5NaT,1
ojMJ2vS9WeKwLwbv,1
ojUsR8CzEzkgChxX,1
OkQMt41b5xYY90Qw,1
okretg9hsI23tVnK,1
OKRFWzWM0wFGVoWL,1
OKvrXAQN0i2eN5KT,1
oLoMmpG6qLIepy1o,1
OLtqV7KQSyIHLzal,1
OmdBACqd49Qc4wjy,1
OMdLAHljLoFaZAes,1
OMJpWGv3SPPpdXTN,1
omJRuLF9kySzDmtC,1
OmOJxsp7DSq2nEMV,1
oMOk2dsBCkwCGHLI,1
oN5xbpCPpn5MDfBJ,1
on7Wx8c44moamUG0,1
OnDBf2YyhoWyL6wA,1
ONElCUBZBRgHwiCH,1
ONhwfHtYEaYgIdwz,1
ONnE7fymKL54eYc3,1
oO0ycp1fnZD2xeGN,1
OOcotapojpuWtjFK,0
ooesV90U8CwIDhrw,1
OOIoeZRMLgNOqXHc,1
ooL5ieDzNhTNAaTg,1
ooVWZjEtdsaebpuT,1
Op8nzmTiUHF4EDW6,1
oPBCrFkRWtJGb9Sa,1
OQ3pYzKryHLQHECB,1
oQ79ILyMT3B4NtUc,1
OQaNG35BagwfUMW4,1
oqDQ7O7TvLbPH7sr,0
oraNpkouK5FdeFTJ,1
oRCHyTkEjV90h7rW,0
Ori5kIndY9k5ezJK,1
OsGtq0PiZJYe0q49,0
OsmL0z6fpb7zxbrL,1
OSUrG8FXOUZdGj6b,0
OtCWJF10y5fLyqMU,1
OTSeOsGTf8vyOvc2,1
oTYn7Rws1zAwLwED,1
Ou5sA01p6V0iHNut,1
OUJ11FptdW1yDUqb,1
oUTEVyrqhGoYuNjF,1
OW0gsx1E8GISiDpz,1
OWdJ2JC4pgw2tJMz,0
OwhaOZB8OVZGw9CQ,1
OxDsGDJU3l70KjjN,1
oxN081gWydunGEq6,1
OxTXZET9tx03dJju,1
Oy28MqIeRAN5fJqR,1
oyAIXCKEy3uMNsZ3,1
OyGDfZxzZdUIG74u,1
oyTyexgUBjWUI6ZV,1
Oyvala3VZEZuYU7a,1
OYyErDMfhWH6x56I,1
oz0U4UHDke4CQpuO,1
oZ5fF5PBQ06bJwRM,0
OZchGgcOItn1l5rj,1
oZWKOwMj2TRdMMSE,1
p01821p0lCvt19mj,0
P1bXIrsQ2w3cAfkE,1
P2tOa2LgqdTyPawh,1
P44MaZbhOsi4dCkE,1
p4sqQvQn40iTBDwZ,1
p4XjcW6MuIsnYdtJ,1
P5esAZlte2DvVESh,1
p5Fe1fTjURCFZ1TQ,1
P6642UiQz8j8BQnI,1
p6CqIA3DetzfXziF,1
P76d1wK5WdbWIwXl,1
p7DKiieyypqHuwyq,1
p7hXZx8EBSuhwwtZ,1
p8k9blONgo1wBv8Y,1
p8pi1xotkYEhtaDk,1
p9cZFgZeaIJawmkv,1
pB1vj7xuFqDMN6DN,0
pBAY9pzuTcfy4b7D,1
pbi63kjDxbjf6G5c,1
PByq0jPQ48hLJp3r,1
PCrJc9z7B1EHpgvU,1
pdCMR0sYdgUMr2ST,1
PdDCXlXWTpkxxGrT,1
PDfVAc8aJrZ5GhnR,1
PDREuFcPIzE3O4S1,1
pDwRnr8QihP345DP,1
PETXDflEX2Be05ws,1
pEu6wttm5Dtwdh59,0
PeYoWVnVdO6MrZzE,1
pF1p07OQ2HclpWTk,1
pfBEqn0wWofItQ5j,1
PFdjhJEr9ycbdMPm,1
PFItbTWkFJicB6iH,1
Pfjg9FUUG5Zw8aXB,1
pFWkuwjqY4X338Qr,1
pg4CTGBxzLDqXrv6,1
PHBQSBCrkWQEvalU,1
PhesOKJVuXEUJt21,1
pHSXhK22IfTTTeY0,1
pHUTiijHw4ptHZuM,1
pHZC0OyF58uLAOF8,1
pI0wnERV5MORB227,1
Pi8qL0fJz0bfd4Qq,1
pIhzLuM8rtE1ZTez,1
PIyrLeR9MyLYLspO,1
pJLcx3vheOUy22em,1
PjuG8qaDV4sUrSsI,1
PK5x0eEsFIgWchN0,1
PkJhXewDwLF7Savp,1
PkjiiEPwruLX9QO0,1
PKkFfEJ95DvJWISj,1
pKrxTsEz3SNsi1fS,1
Pl6jO6jFz7OLoyBQ,1
plcsidS14NcLUkBC,1
PLDGtKJMcQzvnUVp,1
PLnFfRUBEa5Si9LC,1
pLr70Ei7IaJCqk4p,1
plSbgjZUHVpcTLU4,1
Pm4p64UreUjEfFV2,0
Pm8fmrNmeKcfeDFv,1
PmDAoY6nz9b7R5uw,1
pMTjK13dZLmmWvPL,1
PnJhJ4F4v1MfohT8,1
Pnnt4ABXFw3zwhQy,1
PNp98Cf9zofPmP0J,1
PokR2Yo10pxoHi4v,1
PooK03e7ooeRIOa5,1
ppMa62giiS50ybtH,1
PpyKQPynALIo5w3o,1
pR2LI58ifdwrBC0g,1
pr4jSmLjFv9Jr4qr,1
pRAoUhMDQph8Bxaf,1
PrBGtpHooVuB4amc,1
prj4ye54GH2hgqIC,0
pRmplJG7h62c3uio,1
Ps3GBfULVBV314hn,1
pTm9XLPeKjC19V8B,1
PtMVd59Rkz1Rzv9t,1
PTTECplolNbIZq2J,0
PtXM7aUTu3GuC0RX,1
PTzJTv8itftuuDCK,1
pu2Ji4on6r9C031G,1
pu2Uuawgk3hP2F2s,0
pU8EviMCwiVPZgHq,1
PUBZAHnTemMLzrpn,1
pUCVNLByUCPXHwEV,1
pugGcdSJhdlOR7Wr,1
pUZaC9BEeBU9BvXr,1
pv2URaLs6P8VNt1t,1
PVSIiV0eHkH0ZctG,1
Pw5wJSf8zdKvwADV,1
PWEsraeQi1IQQnPW,1
PwGCVFHpqE48mIZn,0
PWhif5Cj91Jn5aiU,1
pWkCb1WmmDnuha6U,1
PwOlNc0fje9WYBph,1
PxlsYvJz9VpAN5wk,1
PxpYpjpyqfjJArFG,1
pXTulXGI6qFSvGCv,1
py5Pz3DDilGTf6wV,0
py6p82LSrIQmaB0N,1
PYJdOSaRztVR28YI,1
PYK6dBZEXbHMayEs,1
pykwcLu4ICEZmbA2,1
PYnOLsR0UA4Eta4A,1
pYo5kvGURqD72tl8,1
pyU4YL1bN3KhOdef,1
pyZbZxH85vw8b6DQ,1
pzk1qmB8iXMpJrll,1
pzLGpaVWHbIMAzWl,1
q0vVX648v6d60AMp,1
q1dWAxep1cfyq8hh,1
q1uJ51IWg9CVgtX8,1
q2g7kKkXkzoPwZ3n,1
Q3fq9qLeS3IYSCJ5,1
Q3SVc7wwChFGK7eO,0
Q40I59ymSoCC2bm9,1
q4jDDGHt6vB9v788,1
Q4S8kjwE9yxdHKut,1
q6jc6IrYdxzAaoZU,0
q6OWKkUuD4yEl4b3,0
q73vGtjKJuBKl7Gb,1
Q762QJHX17l8SQ8X,1
q7jbETYaUtXWkhNc,1
q7lQjrnIJmbjsDDg,1
q7OlXKyDwrWyXM9a,1
q8V8Z5CQtiEnQ120,1
Q97EKck3hirETiUM,1
Q9E1CpR4zQa8BesH,1
Q9X72awiOGVuyU9B,1
QAAAe6PkAtANuaAp,0
qaaCVX8H9H2coLNx,1
qaC188fMOfBcaG9N,1
qaKyCRZpjsMnfnyt,1
qB5dEpSNDjFhzcM7,1
QBfDXUYBT4NiWpLh,1
qbgU0OaHv26KWw9k,1
qBgXMo5b8Btl8qbF,1
QbjpqLP3lbRuZmnZ,1
qBJrtaQ1EmA5paZs,1
qBM8urJoVHN6gFWa,1
QbNxa0Zbtf3PCYEY,0
Qc0iHPHLvBKO0WtJ,1
QCaAHVYRtageE4nI,1
QcIwoxxcJuT82Qpn,1
qcKOUiV640BUel0g,1
QCUx5LerKicqwbx0,1
qDfGIVCzNB4m34KT,1
qdUWXA5W6PziWwJw,1
qe0K4vMzdihIucSm,1
qE6tAKVJSmuy3vhW,1
qEiRbkKkA1nUXsK3,1
qf5RAa5Qz2wfTp5A,1
QffGk3Hf1pSxRn45,1
QfKoF1R6K08F5Rx9,1
Qfwb5smSP4sRrHDb,1
qglRMdUyF0UxeFYJ,1
QGwNeC915jcMdWHV,0
QhAw4BbdTKwBD7n8,1
QHBnccMNJbw3QbfJ,1
qHylUIGWQjZn2qqI,1
qIzScTQVNLp38nFV,1
qJrB2WSZJnn6U9z9,1
QKBP3o4s040osbUw,1
qKUqLywRD742954D,1
qKy0RaWuTABXNKpe,1
QlBcqLSCXPaoq2Rw,1
QlZIncmMzPm8y1bH,1
QlZyrna5eqhdCHWG,1
qMBevXp1ejV6PuWX,1
qNPMAf3fSJWrPFIO,0
qnQguHfm0ldvp33R,1
QnQvR8dqLUlWCksE,1
qNrsPh5JYy3ZwixW,1
qnTF2O7mpmY00P9m,1
qobpggNMVFiqMGme,1
QoW9DXfmnrTSe8lB,1
QowEOMgWd45C59xJ,1
QOzM7oyQYiO9ocJA,0
QPaxAQQ116E1GOMg,1
qpMTxGbrVo3iEQsq,1
QpRCXFIkCJI73Fqi,1
QPRwsXipzDr0Fu43,1
qQ1Tc0kj8mBoTyfq,1
qq3D8kjXcWF3rpkH,1
qQ9QF0TtdmZdxYB2,1
qqeSzqLWngrSg4HI,1
qqhW8Xc94LYQEqdC,1
QRbNgwbAibbsDsbh,1
QRIqdRXPdstnpObk,1
qrRI4ReIknL1ku9I,1
qs93WIVG9fXwc8n7,1
qSf8ea9gzb1Q2Eyl,1
QSm9qWOGHjhs3Pvc,0
QSw7isiO2n4mARao,1
qSXVTTl0ZTSaKSmC,1
QT0T70vvXbNCGZpo,1
qt78gKCRUV0hJzGE,1
qTSwxHGCsWbuS8Ra,1
QtZPifYirBryOFx8,1
Qu3N7B1oYUrftTPs,1
Qu3YfDTWNvFWDDsA,1
qu8rMTIVYemNVmGF,1
qUa688wUoWIKkMrw,1
QuIi3rflhlsDHc6O,0
QuTSt6Kw0Cn17TZH,1
QV6UNjXJAOEuKbJX,1
Qvb45np8iHjjSuMy,1
qvkWm9IysZAjrei2,1
QvPr8G7y2oSvREXu,1
QvQtIFs8UEFbN7Sv,1
qVtgBvwzLP5X0WtU,1
QvuSd8sHnvRZP3LY,1
qvyeSyWZum4qOS5z,1
QwC42xpUNfMPRlnS,1
qWT7DKMCpKL4wWeo,1
qWyEuUH2sxMsKUuE,0
QX1Tg5Wz2VMDQGfL,0
QxfnAl7LE4tH5ZNk,1
QXmizAoHJIdh4f8m,1
QxvzP31rI33JP4YS,0
Qy0j6PJpaJJtWaIQ,1
qy9NcSQO8oULCEJZ,1
qYdXipkovBQi7U4n,1
QyFq8WWyFqUPsoBN,1
QyqEzRdGWzPtk02z,1
qysDFVqQ5aKPHZyU,1
Qyt548KUe4iXgwHo,1
QZ5WrSVU0lyFmiyE,1
QZeMqiiOlwlzVoru,1
qzqhaFEnfaGAFY1G,1
qZS4bN9kb7558Y03,1
R0EHY9osUjRascmd,1
r0vG5loeFwi4ytbg,1
r14kvk6ff8diGuCu,1
R2dPRI6T9bWZe8Hj,1
r2U3t8TIYrOZOn0l,1
r3Gag2sHH0hUDCO5,1
r4av4IAJKShQVjaF,1
r4iBXGaEehbghFvm,1
R4iFJW36O8wTcJ0b,1
R4kAOYU7UyEBZ0Ky,1
R4niupojinRdAV5b,0
r4qMcK4EmSRZTlSe,0
r5A66mXqChpw1O9M,1
r5DF3CzP9VZqqx3S,1
r5HwhLRORXJ2I9cC,0
r6EIBbdCZb5ASWuF,1
R6rnhnBrkqimWSyb,0
R6TqmUezL8CsATUT,1
R7SnPEujKTdiMXtA,0
R8fsWvkfx2WpXcOd,1
R8K9wCUO6jv5Ycqx,1
R9gqnrO5lBak7S4s,1
r9i1lFWUXevLduSV,1
r9TJuS0d6HiS5b8G,1
r9Vzz31hp9DmPoAa,0
r9zm8nLjV7iGy4iP,1
rAThSvGXAtOdQCgq,1
RAUUWRLgADxtCRMn,1
rbe4vP79XTO2ykpB,1
RbEM2BnZJ614vWyG,1
rBmfezIa4O7O7pK9,1
rC0JKbGu75VaCHJt,1
RCvLGWDY1se8oGUz,1
RCXczWdrWVORT0Xc,1
Rd1G6UdYqoI5wU6a,0
rdMzeAxzks43mg2N,1
rDZrjsnfWNmRx2eG,1
Re1EepF1Ptw1rWpM,1
REhV9wiqgn30VFXu,1
rEOAXNzVpupHXKc9,1
reOfUwmHVwtR2JzG,1
rEw9Zwc041RsTZRV,1
RF1VlbIGOiybc4Vm,1
rFGG3Wb6RLvBWUAO,1
rFOTAoFwrVv6OlHy,1
rfreR6wfcz6d5DaP,0
rfTx5TvHeQXRpfZk,1
RgNQU3ob0IwFDL3b,1
RGNuV7DFAhHhHkVs,1
rgPncreU6rU7lO5h,1
rGVwW6tTZxrpPADO,1
RH12k47wGx1QnjMy,1
Rh720cXBUIjcAHZE,1
RHjvuojhqwssHO9F,1
rhJXC2v2amhrA8xD,1
rhWf8V3tJnX23OLG,1
RhyEeqrfcOTFnt6z,1
RikiveSw3GOCogLG,1
rikuhnO7fdkTMQCa,1
RISQFRZHBLFVWyQo,1
RjBsMEzBjT1T6fYN,1
rJEVaYJVUkUQud8L,1
rJF1sJ0NWcrWv5C2,0
rjh2rMdJ8rEF7Rv5,1
RJOLdofUdAyR40Wp,1
RkqxtR8i7XvFPrXQ,1
Rkxlo0mSSykPd7VY,1
Rl1FAGn8ZzWLaOri,1
RLESR9yp7sHXm9aU,1
RLNHio9KGVQ6f2gI,1
rMINSpo5tu53SbuW,1
rMqNPmwF9TtWE6lz,1
RmRPmniVnJmC9kps,1
RMTEKF9v1zMbUQ2A,1
rmTQ5glUJZEVrGd3,1
RMW68K0ZAKYkxpo8,1
rNHCZGWkOnAbozo4,1
RNqDtVSVYayRXQCA,1
rntgtLIJCdPE2adF,1
rO2ADcTCGYuHipJF,0
rOJXG6QR6fjzTfHu,1
rOLOnJwBoG0T2QPA,1
rOrC1ANvzMiZFUX6,1
rOsVXXHBJIuQsPO7,1
roZXFNwhmwfHa7y0,1
rP010yrlCHMUTGg5,1
RpalGBhvq9HtxtDH,1
RpaTGJIyJur4hT0T,1
RpkFkGdZLnwVIoxC,1
rPx1B5WuewPncBQ8,1
RPXOgrwROfYGBU7e,1
RQ6binIWVvpjbYfa,0
RqxUXTarCyyLkrhI,1
RRJwqPKr575pm24x,0
rRjyuVKyeuW2MdrN,1
RRmxcj1DCpVTe4Pc,0
RrpxlqQOL94PKDFu,1
RsoOyr0SxTqKOT9q,1
rSwrLGzVrCyIcH3X,1
rTfZ3tBcHe4soebR,0
RTkXqZbEFGip3vod,1
RTlLIq1ZWJwqZFwz,1
RTXcpHSc5MrVBRIY,1
RU8fHfhrtTVFCLhr,1
RUTeg9i8nkmLn2cg,1
rvMy5Zr90dPbniXg,1
RVRZ4NMpBqWcHx9T,1
RWdDPNOGFKZj1Oia,1
RWFA3Q5Nzoy0KMLg,1
rWwuKBDFW7r7yoWD,1
rXCnPL6uo3x7ERDn,1
RXeUW0gdkkfR0ZLc,1
rXM6Yt0kiSXEAbVr,0
rxsLlJOui1GoTyUF,0
rxv8hwQiz80ZHb5C,1
rya4tmBkza9zFVmT,1
RYaYbdF6CWp9iphX,1
RYLE96KDRvnd6dyh,1
RyN1v5MOBVmO7why,1
rynR3RpYh4a9hPIi,1
RYSBnIFulfJ38rtU,1
RZ5i5mGHkW0YtpTo,1
RZcS50iPowgSmCib,1
RzL2V7Uhh9H2y7WP,1
rZOcclBYKZEhwDul,1
rzvoANojCNKGt2eA,0
RZvzCW6aLDr7m0W3,1
s0DtexSWlfQxH5mI,1
s0llDxwSAGiaSoFv,1
s0OZcdknypFwkBlX,0
s0TdRIJZBlRoAEUk,1
s0vJI2kaMxsMINgD,1
S1mjv2iUvQBUNrvp,1
s1yFjt92bg1PG0OH,1
s3BeVJ0PR9mOA3lE,1
S3ZrO6OHbokvjuEZ,1
s4RlE63lgpYnk2zr,1
s4vPde5ybuhzV96s,0
s5NslQM43tuN0V6G,1
s5UuZPGNMUGaxvnd,1
S5uXS3OJ58LLY8l5,1
s6CQpGKHylLwBOYX,1
s6Q2ytkBeX4ta6Bj,1
S778cE5WoUZq9lRI,1
s7UM1QW12xkqe8e7,1
S7vBZkX0jAi4nnml,1
s8A3quyEYKyvUuIs,1
S8BMr5DyI0clAc2u,1
s8CLLImtZwY8XTng,1
S8JmNZM9PIADJc6E,1
s8UFDbim1A9QLJhU,1
S9iRDZilDAfLNIJL,1
S9Kp5mfbZTOCMOO6,1
S9U2XhZhGyMWP2fD,1
Sa3Nv4kJZG2F20Ud,1
sa9F6PhhEzhqfWP6,1
sAcJ62g6GC4WVdPW,1
safKhBd2lshMoOca,1
SAIuDIWWYiOk4Ipn,1
SAPfZcJGeYxihLU1,1
SavULG56M1wlrRad,1
SaWb8qMdAGQJCYW2,1
sbO4xkL2HTmrDW3V,1
sBoxkheDeaTo6HTz,1
sbW4HT0uNRmXyIFR,1
ScdFWDSLAUPcpAaL,1
ScfRnCkMHAD8pY3r,1
sCkZ32KKZDyYwRb8,1
SdCHtJ272tKvYPJv,1
sDeGNlsy2J1EWGfD,1
sdf9g3TereOyhMXO,1
SDOHl5PqJ40BPoJE,1
se0UB7XBxyOhQIDP,1
sEHpQoAgNEh0ksfi,1
sEYTE35Dp6aH3aHp,1
sfcHlI4mZ3DpksSz,1
sfhuiRr2ViIhFa3h,1
sgCS2PuNwYglf4UF,0
SGelapXecjQEPGag,0
sGI3jgTdRfbKC6zV,1
SGpIZCbQ36DJKAXO,1
sh36xWhmsVqRbGLF,0
SHasmryLpRjGWUtt,1
ShedSzCouQqvmWrd,1
SHgUF5jMXApYDHuw,1
ShIIER3gmB2ppqSj,1
shILaLqNyelX5w3j,1
ShPCo88VZjXqVUrE,0
SicO2j0wXKasF3XL,1
sj4d6nzs4fZ2EN7e,1
SJ6LA6Yp8ACqNseW,1
sJeRay2aQTWupiFq,1
sJkLLZdryG8jhVjz,0
SJL2FF0TGrmd6K4K,1
Sjm0oXHUTe4nxDf6,1
sjylTqgPdhVOOenX,1
Sjz6PUU94ezl1kW6,1
sJZATOCv7CDR2iyF,1
SK6FPQoSyiGnQDbP,1
SKfTuL5Ssdzy66Rx,0
skNk5vM9KCZd9TKS,1
sKsqKy15gXQVOowV,1
SKvYCjkdKDDsbYJn,1
SKVYcPIOELs6EzuX,1
Sld0TnCPyWs2i4K9,1
sLHrj1rxz6BlnHNs,1
Sm9YfxRldtNAa1UJ,1
SmTf1i9h4y1azZhy,1
SMWXCrCv9jAR8ixx,1
SnGMNtnPuh3U2vGF,1
SnjLpnSrJZbwPISU,1
SokCMfMylNHYzKfq,1
SoMwey4uQO81EUC0,0
soOYdyyQQ7FEi7dX,1
SoTl4iUYY7R9xzv3,1
sOtWcBvVgfynP45r,1
SovUbo2JyzR5HOhN,1
sP7559jeEz1l0kmU,1
spaNImUocb763yG9,1
SpcG9XMBw6D0YmUb,1
spdU1WEBoaX5rj61,1
SPNP3lJpoOIdByVn,1
SpNThP968Jmu3JMi,1
SprAUHnPGPqp37K6,1
sPrH4al9sPfUmtdf,1
sqIYDQypjUecqw7O,1
sQmONlZUmZsDEfAm,1
SQzrcprMJD4o3GG6,1
SreNl2vXtXJ09d5c,1
SrN2jloR1fEuc5xL,1
sRuHTHAQY7QImF99,1
sSkYryLqwAqNIktt,1
SsSWBXi6O8TskCO7,1
StLc6GlcCglly8Ux,1
stvnhGItifRnZMkm,1
sTxQ30JAc1pI3br1,1
Su7nXV11qgGOgB6M,1
suok5MNlvIqWSuJF,1
sUs43evvTZ0jFSed,1
SUTuWVpYUY8vgp8b,1
SvSbZg1go1A9OZbU,1
SvvD7py5r8Q8M4gd,1
sVY8dNVkBe3aZCk1,1
swY70oxYIIwt2m1Z,1
sx5rH8xwItI0E7MF,1
Sx7XItFgOXnsCYvg,1
SxbHiUQN8ImbB7l1,1
sXcROkwfn6P4Qo0f,1
Sxm8zSJYqdEj73rC,1
sXpIcfJaD6oyci7t,1
Sz6SCzP6jLkNeIDD,1
Szaakx7SfGOUGeT4,1
SzKMM9lRbkbf7s79,1
szY3bLEchrzxlRM9,1
t0fsShKvN6YltkoL,1
T0g1NBtNWIlyAwq0,1
t0Luxxzmv030uMOY,1
t1LzL7lsQX60B4d5,1
T1vNqL0faXi0XsDj,1
T2iNCKfzWmQDdrbK,1
t3UDbWWnUxcyn3cV,1
t4MYlB6zoF4CF9LK,1
t55UVuhnN7tacTLt,1
t5eZ5HJbZIUQh6AN,1
T674y9SeN3TA6ocz,1
T6oLnFHUXoE2Mhx8,1
T76IhQSJtS43EQoG,1
T7HJ3oYejf4QFbOl,1
t7s11PeXcffCBjnP,1
t7siFNiU80oajbaG,1
t7SzcV0YumvTi822,1
T8eu3Xq9p2JUywqM,1
t8vBZ9Jqjgx59otO,1
t92KF7bN2ISrRsiD,1
T9GQy11GrQAsMfkq,0
t9oJqGLcO3K8YlW0,1
TAcyLeAMFjFtm9I2,1
TAMPzt62pDss5Xje,1
TaWvz8DSBGu6CPSD,1
tBP0XqFNNTlmGmXq,1
TBpQu8w4VtQkU2Ic,1
tcdBESYXTZKVDTWn,1
TCeNGKVriToCdi4i,1
TCMVA2FGCVMkCXf8,0
TCQ1TzAV2kMCxVek,1
TD8wcwBJQT98wEoP,1
tdcu25qoZwc8oV6s,1
TdkDn9Jyk3eh213C,1
TdQnLE00HQfdMryz,1
TELtjqOxuOhLS1nE,1
TEnYYFobUXyvx4IW,1
TEodJrXX5T2m02gA,1
Tfg3oOSGwgtUvjTd,1
tfn2tHgsIp025Fug,1
TGcW7TSs1UyP4kXN,1
Th7q4bC5VG7o0faF,0
ThjMgrFtdvDfKKfI,1
tieCCgCqXblWua89,1
TIFmqA5SbuTbkGcb,1
tiFZrihsX8Q6PsGz,1
TiiQrOtyGCVmAQ8E,1
TIkbGUomgPhlUNEt,1
tIl7zXjIRGELOf40,1
TiO9pemKD2e4yVda,1
TiqIFmd8d45Z21n8,1
TitYWPcIHbbamIMJ,1
TJbA2kxF1eNtaDDY,1
tJKdHp2JBKosfIaf,1
TjVhs47ymkxTBFy1,1
TJYH7dK4Aw6uvL6Y,0
tk0AxUzLdZxGAEbu,1
tKcHkyzSg9n1dUqP,1
TL9gdjgZfBCDbANd,0
tL9Y2qPM6g7ZF3a6,1
TLu19ozegfgmbixx,0
TmIHwQEgz7sygpqK,1
TMWZAT2Ssyj9F5uD,1
tn1P1XpmwO7gyeTA,1
TN6AH24aes7YX8CY,0
TnDwxRyGnUsj58uh,1
tNiPYsHGg3wYQ8f8,1
TNUpwxjTnKZD5xh8,1
tnUQPGvIG2XCMB7S,1
tOEqNkfx0MixVW1I,1
tOoV8spYzqAUVC7f,1
toXA9CIGuTI1cTZ8,1
tPpcAGk9phVaQTxW,1
TPsIcWlmaQ7c9TLe,1
TPsoLTj11P3a61VC,1
TqFe04Fkh9WDjiLs,1
TqFxxkNdNDIfPwrT,1
tQJEqpF4SKNH3vlf,1
TQnN2DtidGlStJec,1
tqqXP5KjSyvH6mUS,1
tQWfPJO4iQA1p2oA,1
tRCS8Jsulqx9HlIx,1
tRfMkYM9TUn2DHei,1
tRN5DZa6tEeBWXZK,1
trpCnbJbJDinQLI3,1
TrPWlJVrJK14kmmU,1
TS1p2szTZ66drcj4,0
TSBKSRaPjJ407jks,1
TSbN0ax0HgKg2Zsy,1
TSRfobXif0RoA7QR,1
tSt2AqLWUFQiJRp2,1
tStFIoohdgBhl1FW,1
Tt1CJoLnYcUUn4ry,1
ttFWxs3hjGYXTUmn,1
tu9qCCmu4TM1hQbj,1
tUKts9xqgFnN6NZw,1
tv379gWQ5G5TZPYy,0
TVPupVTQC5ORT2Nx,0
TvPz4aFPZr8KiIWH,1
TvUQL2JyVj3jK1TR,0
twChHi62nqf3GVAA,1
tWECmrcNMNsmAmPr,1
tWH2Lx1o7ej1wgW5,0
TXbZ6uameeNFOhJO,1
txclVqp1gajnSZL2,1
txFfM4tNA4sV5JVN,1
Txq0mCHzDLLJs3RV,1
tXRpUuWXTnbjgD8G,1
TXTJrJYA6bj2yIzO,0
TXUZZ0RtbbbQC1KU,1
txxXychP60pRYp4s,1
TXZQo4vGus7WcjnM,1
TY7bG7vgEbPypTeE,1
tY8IVSKHzkzr31Vs,1
TyD0e2E9m9zCkAZV,1
tyfOIWzRUp5JN4Vw,1
tYwR33D4vhdYnZuj,1
TyylVwdZPuxdM5bT,1
TzOul8FRyVN2VmbP,1
tZsWuNPqYpmfM9i9,1
